--
-- PostgreSQL database dump
--

\restrict LIvDumBKRHcNJmd2I2LWnAgjY251a9hmWCAQaYKuUcazqeLU20gsqNFKx9pfAaQ

-- Dumped from database version 16.13 (Ubuntu 16.13-0ubuntu0.24.04.1)
-- Dumped by pg_dump version 16.13 (Ubuntu 16.13-0ubuntu0.24.04.1)

SET statement_timeout = 0;
SET lock_timeout = 0;
SET idle_in_transaction_session_timeout = 0;
SET client_encoding = 'UTF8';
SET standard_conforming_strings = on;
SELECT pg_catalog.set_config('search_path', '', false);
SET check_function_bodies = false;
SET xmloption = content;
SET client_min_messages = warning;
SET row_security = off;

SET default_tablespace = '';

SET default_table_access_method = heap;

--
-- Name: auth_group; Type: TABLE; Schema: public; Owner: solea_user
--

CREATE TABLE public.auth_group (
    id integer NOT NULL,
    name character varying(150) NOT NULL
);


ALTER TABLE public.auth_group OWNER TO solea_user;

--
-- Name: auth_group_id_seq; Type: SEQUENCE; Schema: public; Owner: solea_user
--

ALTER TABLE public.auth_group ALTER COLUMN id ADD GENERATED BY DEFAULT AS IDENTITY (
    SEQUENCE NAME public.auth_group_id_seq
    START WITH 1
    INCREMENT BY 1
    NO MINVALUE
    NO MAXVALUE
    CACHE 1
);


--
-- Name: auth_group_permissions; Type: TABLE; Schema: public; Owner: solea_user
--

CREATE TABLE public.auth_group_permissions (
    id bigint NOT NULL,
    group_id integer NOT NULL,
    permission_id integer NOT NULL
);


ALTER TABLE public.auth_group_permissions OWNER TO solea_user;

--
-- Name: auth_group_permissions_id_seq; Type: SEQUENCE; Schema: public; Owner: solea_user
--

ALTER TABLE public.auth_group_permissions ALTER COLUMN id ADD GENERATED BY DEFAULT AS IDENTITY (
    SEQUENCE NAME public.auth_group_permissions_id_seq
    START WITH 1
    INCREMENT BY 1
    NO MINVALUE
    NO MAXVALUE
    CACHE 1
);


--
-- Name: auth_permission; Type: TABLE; Schema: public; Owner: solea_user
--

CREATE TABLE public.auth_permission (
    id integer NOT NULL,
    name character varying(255) NOT NULL,
    content_type_id integer NOT NULL,
    codename character varying(100) NOT NULL
);


ALTER TABLE public.auth_permission OWNER TO solea_user;

--
-- Name: auth_permission_id_seq; Type: SEQUENCE; Schema: public; Owner: solea_user
--

ALTER TABLE public.auth_permission ALTER COLUMN id ADD GENERATED BY DEFAULT AS IDENTITY (
    SEQUENCE NAME public.auth_permission_id_seq
    START WITH 1
    INCREMENT BY 1
    NO MINVALUE
    NO MAXVALUE
    CACHE 1
);


--
-- Name: django_admin_log; Type: TABLE; Schema: public; Owner: solea_user
--

CREATE TABLE public.django_admin_log (
    id integer NOT NULL,
    action_time timestamp with time zone NOT NULL,
    object_id text,
    object_repr character varying(200) NOT NULL,
    action_flag smallint NOT NULL,
    change_message text NOT NULL,
    content_type_id integer,
    user_id bigint NOT NULL,
    CONSTRAINT django_admin_log_action_flag_check CHECK ((action_flag >= 0))
);


ALTER TABLE public.django_admin_log OWNER TO solea_user;

--
-- Name: django_admin_log_id_seq; Type: SEQUENCE; Schema: public; Owner: solea_user
--

ALTER TABLE public.django_admin_log ALTER COLUMN id ADD GENERATED BY DEFAULT AS IDENTITY (
    SEQUENCE NAME public.django_admin_log_id_seq
    START WITH 1
    INCREMENT BY 1
    NO MINVALUE
    NO MAXVALUE
    CACHE 1
);


--
-- Name: django_content_type; Type: TABLE; Schema: public; Owner: solea_user
--

CREATE TABLE public.django_content_type (
    id integer NOT NULL,
    app_label character varying(100) NOT NULL,
    model character varying(100) NOT NULL
);


ALTER TABLE public.django_content_type OWNER TO solea_user;

--
-- Name: django_content_type_id_seq; Type: SEQUENCE; Schema: public; Owner: solea_user
--

ALTER TABLE public.django_content_type ALTER COLUMN id ADD GENERATED BY DEFAULT AS IDENTITY (
    SEQUENCE NAME public.django_content_type_id_seq
    START WITH 1
    INCREMENT BY 1
    NO MINVALUE
    NO MAXVALUE
    CACHE 1
);


--
-- Name: django_migrations; Type: TABLE; Schema: public; Owner: solea_user
--

CREATE TABLE public.django_migrations (
    id bigint NOT NULL,
    app character varying(255) NOT NULL,
    name character varying(255) NOT NULL,
    applied timestamp with time zone NOT NULL
);


ALTER TABLE public.django_migrations OWNER TO solea_user;

--
-- Name: django_migrations_id_seq; Type: SEQUENCE; Schema: public; Owner: solea_user
--

ALTER TABLE public.django_migrations ALTER COLUMN id ADD GENERATED BY DEFAULT AS IDENTITY (
    SEQUENCE NAME public.django_migrations_id_seq
    START WITH 1
    INCREMENT BY 1
    NO MINVALUE
    NO MAXVALUE
    CACHE 1
);


--
-- Name: django_session; Type: TABLE; Schema: public; Owner: solea_user
--

CREATE TABLE public.django_session (
    session_key character varying(40) NOT NULL,
    session_data text NOT NULL,
    expire_date timestamp with time zone NOT NULL
);


ALTER TABLE public.django_session OWNER TO solea_user;

--
-- Name: orders_order; Type: TABLE; Schema: public; Owner: solea_user
--

CREATE TABLE public.orders_order (
    id bigint NOT NULL,
    session_key character varying(40) NOT NULL,
    status character varying(20) NOT NULL,
    delivery_address text NOT NULL,
    total_price numeric(10,2) NOT NULL,
    created_at timestamp with time zone NOT NULL,
    updated_at timestamp with time zone NOT NULL,
    user_id bigint
);


ALTER TABLE public.orders_order OWNER TO solea_user;

--
-- Name: orders_order_id_seq; Type: SEQUENCE; Schema: public; Owner: solea_user
--

ALTER TABLE public.orders_order ALTER COLUMN id ADD GENERATED BY DEFAULT AS IDENTITY (
    SEQUENCE NAME public.orders_order_id_seq
    START WITH 1
    INCREMENT BY 1
    NO MINVALUE
    NO MAXVALUE
    CACHE 1
);


--
-- Name: orders_orderitem; Type: TABLE; Schema: public; Owner: solea_user
--

CREATE TABLE public.orders_orderitem (
    id bigint NOT NULL,
    quantity integer NOT NULL,
    unit_price numeric(8,2) NOT NULL,
    order_id bigint NOT NULL,
    recipe_id bigint NOT NULL,
    CONSTRAINT orders_orderitem_quantity_check CHECK ((quantity >= 0))
);


ALTER TABLE public.orders_orderitem OWNER TO solea_user;

--
-- Name: orders_orderitem_id_seq; Type: SEQUENCE; Schema: public; Owner: solea_user
--

ALTER TABLE public.orders_orderitem ALTER COLUMN id ADD GENERATED BY DEFAULT AS IDENTITY (
    SEQUENCE NAME public.orders_orderitem_id_seq
    START WITH 1
    INCREMENT BY 1
    NO MINVALUE
    NO MAXVALUE
    CACHE 1
);


--
-- Name: partners_partner; Type: TABLE; Schema: public; Owner: solea_user
--

CREATE TABLE public.partners_partner (
    id bigint NOT NULL,
    name character varying(200) NOT NULL,
    description text NOT NULL,
    logo character varying(100),
    website character varying(200) NOT NULL,
    is_active boolean NOT NULL,
    "order" integer NOT NULL,
    CONSTRAINT partners_partner_order_check CHECK (("order" >= 0))
);


ALTER TABLE public.partners_partner OWNER TO solea_user;

--
-- Name: partners_partner_id_seq; Type: SEQUENCE; Schema: public; Owner: solea_user
--

ALTER TABLE public.partners_partner ALTER COLUMN id ADD GENERATED BY DEFAULT AS IDENTITY (
    SEQUENCE NAME public.partners_partner_id_seq
    START WITH 1
    INCREMENT BY 1
    NO MINVALUE
    NO MAXVALUE
    CACHE 1
);


--
-- Name: recipes_category; Type: TABLE; Schema: public; Owner: solea_user
--

CREATE TABLE public.recipes_category (
    id bigint NOT NULL,
    name character varying(100) NOT NULL,
    slug character varying(50) NOT NULL
);


ALTER TABLE public.recipes_category OWNER TO solea_user;

--
-- Name: recipes_category_id_seq; Type: SEQUENCE; Schema: public; Owner: solea_user
--

ALTER TABLE public.recipes_category ALTER COLUMN id ADD GENERATED BY DEFAULT AS IDENTITY (
    SEQUENCE NAME public.recipes_category_id_seq
    START WITH 1
    INCREMENT BY 1
    NO MINVALUE
    NO MAXVALUE
    CACHE 1
);


--
-- Name: recipes_ingredient; Type: TABLE; Schema: public; Owner: solea_user
--

CREATE TABLE public.recipes_ingredient (
    id bigint NOT NULL,
    name character varying(200) NOT NULL
);


ALTER TABLE public.recipes_ingredient OWNER TO solea_user;

--
-- Name: recipes_recipeingredient; Type: TABLE; Schema: public; Owner: solea_user
--

CREATE TABLE public.recipes_recipeingredient (
    id bigint NOT NULL,
    quantity character varying(100) NOT NULL,
    recipe_id bigint NOT NULL,
    ingredient_id bigint NOT NULL
);


ALTER TABLE public.recipes_recipeingredient OWNER TO solea_user;

--
-- Name: recipes_ingredient_id_seq; Type: SEQUENCE; Schema: public; Owner: solea_user
--

ALTER TABLE public.recipes_recipeingredient ALTER COLUMN id ADD GENERATED BY DEFAULT AS IDENTITY (
    SEQUENCE NAME public.recipes_ingredient_id_seq
    START WITH 1
    INCREMENT BY 1
    NO MINVALUE
    NO MAXVALUE
    CACHE 1
);


--
-- Name: recipes_ingredient_id_seq1; Type: SEQUENCE; Schema: public; Owner: solea_user
--

CREATE SEQUENCE public.recipes_ingredient_id_seq1
    START WITH 1
    INCREMENT BY 1
    NO MINVALUE
    NO MAXVALUE
    CACHE 1;


ALTER SEQUENCE public.recipes_ingredient_id_seq1 OWNER TO solea_user;

--
-- Name: recipes_ingredient_id_seq1; Type: SEQUENCE OWNED BY; Schema: public; Owner: solea_user
--

ALTER SEQUENCE public.recipes_ingredient_id_seq1 OWNED BY public.recipes_ingredient.id;


--
-- Name: recipes_recipe; Type: TABLE; Schema: public; Owner: solea_user
--

CREATE TABLE public.recipes_recipe (
    id bigint NOT NULL,
    title character varying(200) NOT NULL,
    slug character varying(50) NOT NULL,
    description text NOT NULL,
    instructions text NOT NULL,
    cook_time integer NOT NULL,
    price numeric(8,2) NOT NULL,
    image character varying(100),
    is_active boolean NOT NULL,
    created_at timestamp with time zone NOT NULL,
    category_id bigint,
    calories integer,
    carbohydrates numeric(5,1),
    fats numeric(5,1),
    proteins numeric(5,1),
    CONSTRAINT recipes_recipe_calories_check CHECK ((calories >= 0)),
    CONSTRAINT recipes_recipe_cook_time_check CHECK ((cook_time >= 0))
);


ALTER TABLE public.recipes_recipe OWNER TO solea_user;

--
-- Name: recipes_recipe_id_seq; Type: SEQUENCE; Schema: public; Owner: solea_user
--

ALTER TABLE public.recipes_recipe ALTER COLUMN id ADD GENERATED BY DEFAULT AS IDENTITY (
    SEQUENCE NAME public.recipes_recipe_id_seq
    START WITH 1
    INCREMENT BY 1
    NO MINVALUE
    NO MAXVALUE
    CACHE 1
);


--
-- Name: users_customuser; Type: TABLE; Schema: public; Owner: solea_user
--

CREATE TABLE public.users_customuser (
    id bigint NOT NULL,
    password character varying(128) NOT NULL,
    last_login timestamp with time zone,
    is_superuser boolean NOT NULL,
    username character varying(150) NOT NULL,
    first_name character varying(150) NOT NULL,
    last_name character varying(150) NOT NULL,
    is_staff boolean NOT NULL,
    is_active boolean NOT NULL,
    date_joined timestamp with time zone NOT NULL,
    email character varying(254) NOT NULL,
    phone character varying(20) NOT NULL,
    address text NOT NULL
);


ALTER TABLE public.users_customuser OWNER TO solea_user;

--
-- Name: users_customuser_groups; Type: TABLE; Schema: public; Owner: solea_user
--

CREATE TABLE public.users_customuser_groups (
    id bigint NOT NULL,
    customuser_id bigint NOT NULL,
    group_id integer NOT NULL
);


ALTER TABLE public.users_customuser_groups OWNER TO solea_user;

--
-- Name: users_customuser_groups_id_seq; Type: SEQUENCE; Schema: public; Owner: solea_user
--

ALTER TABLE public.users_customuser_groups ALTER COLUMN id ADD GENERATED BY DEFAULT AS IDENTITY (
    SEQUENCE NAME public.users_customuser_groups_id_seq
    START WITH 1
    INCREMENT BY 1
    NO MINVALUE
    NO MAXVALUE
    CACHE 1
);


--
-- Name: users_customuser_id_seq; Type: SEQUENCE; Schema: public; Owner: solea_user
--

ALTER TABLE public.users_customuser ALTER COLUMN id ADD GENERATED BY DEFAULT AS IDENTITY (
    SEQUENCE NAME public.users_customuser_id_seq
    START WITH 1
    INCREMENT BY 1
    NO MINVALUE
    NO MAXVALUE
    CACHE 1
);


--
-- Name: users_customuser_user_permissions; Type: TABLE; Schema: public; Owner: solea_user
--

CREATE TABLE public.users_customuser_user_permissions (
    id bigint NOT NULL,
    customuser_id bigint NOT NULL,
    permission_id integer NOT NULL
);


ALTER TABLE public.users_customuser_user_permissions OWNER TO solea_user;

--
-- Name: users_customuser_user_permissions_id_seq; Type: SEQUENCE; Schema: public; Owner: solea_user
--

ALTER TABLE public.users_customuser_user_permissions ALTER COLUMN id ADD GENERATED BY DEFAULT AS IDENTITY (
    SEQUENCE NAME public.users_customuser_user_permissions_id_seq
    START WITH 1
    INCREMENT BY 1
    NO MINVALUE
    NO MAXVALUE
    CACHE 1
);


--
-- Name: recipes_ingredient id; Type: DEFAULT; Schema: public; Owner: solea_user
--

ALTER TABLE ONLY public.recipes_ingredient ALTER COLUMN id SET DEFAULT nextval('public.recipes_ingredient_id_seq1'::regclass);


--
-- Data for Name: auth_group; Type: TABLE DATA; Schema: public; Owner: solea_user
--

COPY public.auth_group (id, name) FROM stdin;
\.


--
-- Data for Name: auth_group_permissions; Type: TABLE DATA; Schema: public; Owner: solea_user
--

COPY public.auth_group_permissions (id, group_id, permission_id) FROM stdin;
\.


--
-- Data for Name: auth_permission; Type: TABLE DATA; Schema: public; Owner: solea_user
--

COPY public.auth_permission (id, name, content_type_id, codename) FROM stdin;
1	Can add log entry	1	add_logentry
2	Can change log entry	1	change_logentry
3	Can delete log entry	1	delete_logentry
4	Can view log entry	1	view_logentry
5	Can add permission	3	add_permission
6	Can change permission	3	change_permission
7	Can delete permission	3	delete_permission
8	Can view permission	3	view_permission
9	Can add group	2	add_group
10	Can change group	2	change_group
11	Can delete group	2	delete_group
12	Can view group	2	view_group
13	Can add content type	4	add_contenttype
14	Can change content type	4	change_contenttype
15	Can delete content type	4	delete_contenttype
16	Can view content type	4	view_contenttype
17	Can add session	5	add_session
18	Can change session	5	change_session
19	Can delete session	5	delete_session
20	Can view session	5	view_session
21	Can add category	6	add_category
22	Can change category	6	change_category
23	Can delete category	6	delete_category
24	Can view category	6	view_category
25	Can add recipe	8	add_recipe
26	Can change recipe	8	change_recipe
27	Can delete recipe	8	delete_recipe
28	Can view recipe	8	view_recipe
29	Can add ingredient	7	add_ingredient
30	Can change ingredient	7	change_ingredient
31	Can delete ingredient	7	delete_ingredient
32	Can view ingredient	7	view_ingredient
33	Can add user	9	add_customuser
34	Can change user	9	change_customuser
35	Can delete user	9	delete_customuser
36	Can view user	9	view_customuser
37	Can add order	10	add_order
38	Can change order	10	change_order
39	Can delete order	10	delete_order
40	Can view order	10	view_order
41	Can add order item	11	add_orderitem
42	Can change order item	11	change_orderitem
43	Can delete order item	11	delete_orderitem
44	Can view order item	11	view_orderitem
45	Can add partner	12	add_partner
46	Can change partner	12	change_partner
47	Can delete partner	12	delete_partner
48	Can view partner	12	view_partner
49	Can add recipe ingredient	7	add_recipeingredient
50	Can change recipe ingredient	7	change_recipeingredient
51	Can delete recipe ingredient	7	delete_recipeingredient
52	Can view recipe ingredient	7	view_recipeingredient
53	Can add ingredient	13	add_ingredient
54	Can change ingredient	13	change_ingredient
55	Can delete ingredient	13	delete_ingredient
56	Can view ingredient	13	view_ingredient
\.


--
-- Data for Name: django_admin_log; Type: TABLE DATA; Schema: public; Owner: solea_user
--

COPY public.django_admin_log (id, action_time, object_id, object_repr, action_flag, change_message, content_type_id, user_id) FROM stdin;
1	2026-04-12 10:44:01.352457+00	3		1	[{"added": {}}]	9	1
2	2026-04-15 17:48:56.846165+00	1	vegan	1	[{"added": {}}]	6	1
3	2026-04-15 17:50:02.382534+00	1	Avocado Tacos	1	[{"added": {}}, {"added": {"name": "ingredient", "object": "1 avocado"}}, {"added": {"name": "ingredient", "object": "1 tortilia"}}, {"added": {"name": "ingredient", "object": "1 mayoneisse sous"}}, {"added": {"name": "ingredient", "object": "1 brockoli"}}, {"added": {"name": "ingredient", "object": "1 cabbage"}}, {"added": {"name": "ingredient", "object": "1 hope"}}]	8	1
4	2026-04-24 19:42:55.451129+00	2	Test	1	[{"added": {}}, {"added": {"name": "recipe ingredient", "object": "1 brockoli"}}]	8	1
5	2026-04-24 19:43:30.820476+00	2	Test	3		8	1
6	2026-04-26 09:57:38.334255+00	2	protein	1	[{"added": {}}]	6	1
7	2026-04-26 09:58:35.674561+00	7	Egg	1	[{"added": {}}]	13	1
8	2026-04-26 09:59:22.838412+00	7	egg	2	[{"changed": {"fields": ["Name"]}}]	13	1
9	2026-04-26 10:00:16.439488+00	8	ground beef	1	[{"added": {}}]	13	1
10	2026-04-26 10:00:52.492104+00	9	breadcrumbs	1	[{"added": {}}]	13	1
11	2026-04-26 10:01:21.360063+00	10	garlick	1	[{"added": {}}]	13	1
12	2026-04-26 10:01:29.197363+00	10	garlic	2	[{"changed": {"fields": ["Name"]}}]	13	1
13	2026-04-26 10:02:03.54261+00	11	salt	1	[{"added": {}}]	13	1
14	2026-04-26 10:03:11.596846+00	12	black pepper	1	[{"added": {}}]	13	1
15	2026-04-26 10:03:32.178047+00	13	olive oil	1	[{"added": {}}]	13	1
16	2026-04-26 10:04:17.73808+00	14	rucola	1	[{"added": {}}]	13	1
17	2026-04-26 10:04:36.330275+00	15	lemon juice	1	[{"added": {}}]	13	1
18	2026-04-26 10:25:49.182334+00	16	salmon fillet	1	[{"added": {}}]	13	1
19	2026-04-26 10:26:43.833843+00	17	spinach	1	[{"added": {}}]	13	1
20	2026-04-26 10:27:07.053939+00	18	zucchini	1	[{"added": {}}]	13	1
21	2026-04-26 10:27:39.19794+00	19	sweet bell pepper	1	[{"added": {}}]	13	1
22	2026-04-26 10:27:53.195465+00	20	soy sauce	1	[{"added": {}}]	13	1
23	2026-04-26 10:27:59.805864+00	21	honey	1	[{"added": {}}]	13	1
24	2026-04-26 10:28:09.75277+00	22	dijon mustard	1	[{"added": {}}]	13	1
25	2026-04-26 10:28:19.023683+00	23	cornstarch	1	[{"added": {}}]	13	1
26	2026-04-26 10:37:12.304751+00	24	shrimp	1	[{"added": {}}]	13	1
27	2026-04-26 10:37:23.498203+00	25	cherry tomatoes	1	[{"added": {}}]	13	1
28	2026-04-26 10:37:43.037048+00	26	rice	1	[{"added": {}}]	13	1
29	2026-04-26 10:37:49.483482+00	27	corn	1	[{"added": {}}]	13	1
30	2026-04-26 10:37:58.412684+00	28	green onion	1	[{"added": {}}]	13	1
31	2026-04-26 10:47:05.739575+00	29	chicken breast	1	[{"added": {}}]	13	1
32	2026-04-26 10:47:14.433741+00	30	egg noodles	1	[{"added": {}}]	13	1
33	2026-04-26 10:47:44.043026+00	31	tofu	1	[{"added": {}}]	13	1
34	2026-04-26 10:48:00.635658+00	32	chicken broth	1	[{"added": {}}]	13	1
35	2026-04-26 10:48:11.51171+00	33	chili oil	1	[{"added": {}}]	13	1
36	2026-04-26 10:48:21.466024+00	34	parsley	1	[{"added": {}}]	13	1
37	2026-04-26 10:56:16.582055+00	35	lettuce	1	[{"added": {}}]	13	1
38	2026-04-26 10:56:40.813222+00	36	quail eggs	1	[{"added": {}}]	13	1
39	2026-04-26 10:56:52.246184+00	37	cheddar	1	[{"added": {}}]	13	1
40	2026-04-26 10:57:18.199731+00	38	croutons	1	[{"added": {}}]	13	1
41	2026-04-26 16:56:41.449318+00	39	potatoes	1	[{"added": {}}]	13	1
42	2026-04-26 16:57:01.222747+00	40	paprika	1	[{"added": {}}]	13	1
43	2026-04-26 16:57:05.89238+00	41	thyme	1	[{"added": {}}]	13	1
44	2026-04-26 17:03:19.226646+00	42	fettuccine	1	[{"added": {}}]	13	1
45	2026-04-26 17:03:27.112045+00	43	broccoli	1	[{"added": {}}]	13	1
46	2026-04-26 17:06:13.850002+00	43	broccoli	3		13	1
47	2026-04-26 17:06:44.013024+00	4	broccoli	2	[{"changed": {"fields": ["Name"]}}]	13	1
48	2026-04-26 17:06:56.522486+00	44	ham	1	[{"added": {}}]	13	1
49	2026-04-26 17:07:09.870415+00	45	heavy cream	1	[{"added": {}}]	13	1
50	2026-04-26 17:07:24.319826+00	46	parmesan	1	[{"added": {}}]	13	1
51	2026-04-26 17:07:51.093947+00	47	butter	1	[{"added": {}}]	13	1
52	2026-04-26 17:15:43.103072+00	48	chanterelles	1	[{"added": {}}]	13	1
53	2026-04-26 17:16:04.615433+00	49	onion	1	[{"added": {}}]	13	1
54	2026-04-26 17:17:11.191394+00	50	balsamic vinegar	1	[{"added": {}}]	13	1
55	2026-04-26 17:17:26.44936+00	51	maple syrup	1	[{"added": {}}]	13	1
56	2026-04-26 17:23:59.547251+00	52	farfalle	1	[{"added": {}}]	13	1
57	2026-04-26 17:24:09.654153+00	53	basil	1	[{"added": {}}]	13	1
58	2026-04-26 17:30:35.244053+00	54	tortillas	1	[{"added": {}}]	13	1
59	2026-04-26 17:30:45.869742+00	55	sweet potato	1	[{"added": {}}]	13	1
60	2026-04-26 17:30:57.649729+00	56	chickpeas	1	[{"added": {}}]	13	1
61	2026-04-26 17:31:10.02299+00	57	cumin	1	[{"added": {}}]	13	1
62	2026-04-26 17:31:31.51645+00	58	red onion	1	[{"added": {}}]	13	1
63	2026-04-26 17:31:45.013866+00	59	green chili	1	[{"added": {}}]	13	1
64	2026-04-26 17:37:45.54263+00	60	rice cakes (tteok)	1	[{"added": {}}]	13	1
65	2026-04-26 17:37:52.901676+00	61	cucumber	1	[{"added": {}}]	13	1
66	2026-04-26 17:38:29.050488+00	62	chili paste (gochujang)	1	[{"added": {}}]	13	1
67	2026-04-26 17:38:40.940622+00	63	sesame oil	1	[{"added": {}}]	13	1
68	2026-04-26 17:38:47.949706+00	64	sesame seeds	1	[{"added": {}}]	13	1
69	2026-04-26 17:39:04.90251+00	65	sugar	1	[{"added": {}}]	13	1
70	2026-04-26 17:53:24.643053+00	66	curry paste	1	[{"added": {}}]	13	1
71	2026-04-26 17:53:44.954538+00	67	coconut milk	1	[{"added": {}}]	13	1
72	2026-04-26 18:38:57.497831+00	68	champignons	1	[{"added": {}}]	13	1
73	2026-04-26 18:46:04.393791+00	69	tomatoes	1	[{"added": {}}]	13	1
74	2026-04-26 18:46:28.490456+00	3	Hasselback Potatoes	1	[{"added": {}}, {"added": {"name": "recipe ingredient", "object": "2 potatoes"}}, {"added": {"name": "recipe ingredient", "object": "1.5 tbsp olive oil"}}, {"added": {"name": "recipe ingredient", "object": "1 tsp salt"}}, {"added": {"name": "recipe ingredient", "object": "1/4 tsp black pepper"}}, {"added": {"name": "recipe ingredient", "object": "1 clove garlic"}}, {"added": {"name": "recipe ingredient", "object": "120 g champignons"}}, {"added": {"name": "recipe ingredient", "object": "1 stalk green onion"}}, {"added": {"name": "recipe ingredient", "object": "150 g tomatoes"}}, {"added": {"name": "recipe ingredient", "object": "1tsp lemon juice"}}]	8	1
75	2026-04-28 15:27:54.218064+00	4	Meatballs	1	[{"added": {}}, {"added": {"name": "recipe ingredient", "object": "1 ground beef"}}, {"added": {"name": "recipe ingredient", "object": "1 egg"}}, {"added": {"name": "recipe ingredient", "object": "1 breadcrumbs"}}, {"added": {"name": "recipe ingredient", "object": "1 garlic"}}, {"added": {"name": "recipe ingredient", "object": "1 salt"}}, {"added": {"name": "recipe ingredient", "object": "1 black pepper"}}, {"added": {"name": "recipe ingredient", "object": "1 olive oil"}}, {"added": {"name": "recipe ingredient", "object": "1 rucola"}}]	8	1
76	2026-04-28 15:32:22.416262+00	4	Meatballs	2	[{"changed": {"fields": ["Image"]}}]	8	1
77	2026-04-30 20:12:53.74587+00	5	Baked Salmon & Veggies	1	[{"added": {}}, {"added": {"name": "recipe ingredient", "object": "150 salmon fillet"}}, {"added": {"name": "recipe ingredient", "object": "\\u00bc tsp salt"}}, {"added": {"name": "recipe ingredient", "object": "\\u00bc tsp black pepper"}}, {"added": {"name": "recipe ingredient", "object": "1 tsp olive oil"}}, {"added": {"name": "recipe ingredient", "object": "50 g spinach"}}, {"added": {"name": "recipe ingredient", "object": "80 g zucchini"}}, {"added": {"name": "recipe ingredient", "object": "70 g sweet bell pepper"}}, {"added": {"name": "recipe ingredient", "object": "1 clove garlic"}}, {"added": {"name": "recipe ingredient", "object": "1 tbsp soy sauce"}}, {"added": {"name": "recipe ingredient", "object": "1 tsp honey"}}, {"added": {"name": "recipe ingredient", "object": "\\u00bd tsp dijon mustard"}}, {"added": {"name": "recipe ingredient", "object": "1 tsp lemon juice"}}, {"added": {"name": "recipe ingredient", "object": "\\u00bd tsp cornstarch"}}]	8	1
78	2026-04-30 20:17:49.689578+00	6	Shrimp Fried Rice	1	[{"added": {}}, {"added": {"name": "recipe ingredient", "object": "150 g rice"}}, {"added": {"name": "recipe ingredient", "object": "120 g shrimp"}}, {"added": {"name": "recipe ingredient", "object": "6-8 pieces cherry tomatoes"}}, {"added": {"name": "recipe ingredient", "object": "50 g corn"}}, {"added": {"name": "recipe ingredient", "object": "1-2 green onion"}}, {"added": {"name": "recipe ingredient", "object": "1 clove garlic"}}, {"added": {"name": "recipe ingredient", "object": "1 tbsp soy sauce"}}, {"added": {"name": "recipe ingredient", "object": "1 tbsp olive oil"}}, {"added": {"name": "recipe ingredient", "object": "a pinch salt"}}, {"added": {"name": "recipe ingredient", "object": "\\u00bc tsp black pepper"}}]	8	1
79	2026-04-30 20:24:47.106479+00	7	Chicken Noodle Soup	1	[{"added": {}}, {"added": {"name": "recipe ingredient", "object": "120 g chicken breast"}}, {"added": {"name": "recipe ingredient", "object": "80 g egg noodles"}}, {"added": {"name": "recipe ingredient", "object": "70g tofu"}}, {"added": {"name": "recipe ingredient", "object": "400 ml chicken broth"}}, {"added": {"name": "recipe ingredient", "object": "1 clove garlic"}}, {"added": {"name": "recipe ingredient", "object": "1 tbs soy sauce"}}, {"added": {"name": "recipe ingredient", "object": "\\u00bc tsp salt"}}, {"added": {"name": "recipe ingredient", "object": "a pinch black pepper"}}, {"added": {"name": "recipe ingredient", "object": "1 tsp chili oil"}}, {"added": {"name": "recipe ingredient", "object": "1 tbsp parsley"}}, {"added": {"name": "recipe ingredient", "object": "1 stalk green onion"}}]	8	1
80	2026-04-30 20:27:00.675039+00	5	Baked Salmon & Veggies	2	[{"changed": {"fields": ["Image"]}}]	8	1
81	2026-04-30 20:35:00.250865+00	8	Fancy Salad	1	[{"added": {}}, {"added": {"name": "recipe ingredient", "object": "50 g lettuce"}}, {"added": {"name": "recipe ingredient", "object": "30 g rucola"}}, {"added": {"name": "recipe ingredient", "object": "4 pieces quail eggs"}}, {"added": {"name": "recipe ingredient", "object": "40 g cheddar"}}, {"added": {"name": "recipe ingredient", "object": "6-8 pieces cherry tomatoes"}}, {"added": {"name": "recipe ingredient", "object": "25 g croutons"}}, {"added": {"name": "recipe ingredient", "object": "1 tbsp olive oil"}}, {"added": {"name": "recipe ingredient", "object": "1 tsp lemon juice"}}, {"added": {"name": "recipe ingredient", "object": "\\u00bd tsp dijon mustard"}}, {"added": {"name": "recipe ingredient", "object": "a pinch salt"}}, {"added": {"name": "recipe ingredient", "object": "a pinch black pepper"}}]	8	1
82	2026-04-30 20:38:54.811233+00	70	chicken	1	[{"added": {}}]	13	1
83	2026-04-30 20:43:54.925501+00	9	Roasted Half Chicken with Potatoes	1	[{"added": {}}, {"added": {"name": "recipe ingredient", "object": "500 g chicken"}}, {"added": {"name": "recipe ingredient", "object": "250 g potatoes"}}, {"added": {"name": "recipe ingredient", "object": "100 g sweet bell pepper"}}, {"added": {"name": "recipe ingredient", "object": "2 cloves garlic"}}, {"added": {"name": "recipe ingredient", "object": "1.5 tbsp olive oil"}}, {"added": {"name": "recipe ingredient", "object": "\\u00be tsp salt"}}, {"added": {"name": "recipe ingredient", "object": "\\u00bd tsp black pepper"}}, {"added": {"name": "recipe ingredient", "object": "\\u00bd tsp paprika"}}, {"added": {"name": "recipe ingredient", "object": "\\u00bd tsp thyme"}}, {"added": {"name": "recipe ingredient", "object": "1 tbsp parsley"}}]	8	1
84	2026-04-30 20:53:35.165587+00	10	Creamy Pasta with Broccoli and Ham	1	[{"added": {}}, {"added": {"name": "recipe ingredient", "object": "100 g fettuccine"}}, {"added": {"name": "recipe ingredient", "object": "120 g broccoli"}}, {"added": {"name": "recipe ingredient", "object": "80 g ham"}}, {"added": {"name": "recipe ingredient", "object": "1 clove garlic"}}, {"added": {"name": "recipe ingredient", "object": "100 ml heavy cream"}}, {"added": {"name": "recipe ingredient", "object": "20 g parmesan"}}, {"added": {"name": "recipe ingredient", "object": "1 tbsp butter"}}, {"added": {"name": "recipe ingredient", "object": "\\u00bd tsp salt"}}, {"added": {"name": "recipe ingredient", "object": "\\u00bc tsp black pepper"}}, {"added": {"name": "recipe ingredient", "object": "1 tbsp parsley"}}]	8	1
85	2026-04-30 20:53:49.1148+00	8	Fancy Salad	2	[{"changed": {"fields": ["Image"]}}]	8	1
86	2026-04-30 21:06:17.151192+00	11	Salad with Chanterelles	1	[{"added": {}}, {"added": {"name": "recipe ingredient", "object": "120 g chanterelles"}}, {"added": {"name": "recipe ingredient", "object": "60 g lettuce"}}, {"added": {"name": "recipe ingredient", "object": "30 g rucola"}}, {"added": {"name": "recipe ingredient", "object": "1 stalk green onion"}}, {"added": {"name": "recipe ingredient", "object": "40 g onion"}}, {"added": {"name": "recipe ingredient", "object": "25 g croutons"}}, {"added": {"name": "recipe ingredient", "object": "1 clove garlic"}}, {"added": {"name": "recipe ingredient", "object": "1/5 tbsp olive oil"}}, {"added": {"name": "recipe ingredient", "object": "1 tbs balsamic vinegar"}}, {"added": {"name": "recipe ingredient", "object": "\\u00bd tsp dijon mustard"}}, {"added": {"name": "recipe ingredient", "object": "\\u00bd tsp maple syrup"}}, {"added": {"name": "recipe ingredient", "object": "a pinch salt"}}, {"added": {"name": "recipe ingredient", "object": "a pinch black pepper"}}]	8	1
87	2026-04-30 21:07:16.672922+00	12	Farfalle with Cherry Tomatoes	1	[{"added": {}}, {"added": {"name": "recipe ingredient", "object": "100 farfalle"}}]	8	1
88	2026-04-30 21:11:07.724797+00	12	Farfalle with Cherry Tomatoes	2	[{"added": {"name": "recipe ingredient", "object": "8-10 pieces cherry tomatoes"}}, {"added": {"name": "recipe ingredient", "object": "40 g lettuce"}}, {"added": {"name": "recipe ingredient", "object": "10 g parsley"}}, {"added": {"name": "recipe ingredient", "object": "15 g basil"}}, {"added": {"name": "recipe ingredient", "object": "1 clove garlic"}}, {"added": {"name": "recipe ingredient", "object": "2 tbsp olive oil"}}, {"added": {"name": "recipe ingredient", "object": "1 tsp lemon juice"}}, {"added": {"name": "recipe ingredient", "object": "\\u00bd tsp salt"}}, {"added": {"name": "recipe ingredient", "object": "\\u00bc tsp black pepper"}}, {"changed": {"name": "recipe ingredient", "object": "100 g farfalle", "fields": ["Quantity"]}}]	8	1
89	2026-04-30 21:11:46.437713+00	3	Hasselback Potatoes	2	[{"changed": {"fields": ["Image"]}}]	8	1
90	2026-04-30 21:19:10.779256+00	71	cilantro	1	[{"added": {}}]	13	1
91	2026-04-30 21:19:33.396157+00	13	Vegan Curry Tofu with Rice	1	[{"added": {}}, {"added": {"name": "recipe ingredient", "object": "70 g rice"}}, {"added": {"name": "recipe ingredient", "object": "a pinch salt"}}, {"added": {"name": "recipe ingredient", "object": "150 g tofu"}}, {"added": {"name": "recipe ingredient", "object": "1 tbsp cornstarch"}}, {"added": {"name": "recipe ingredient", "object": "1 tbsp olive oil"}}, {"added": {"name": "recipe ingredient", "object": "120 ml coconut milk"}}, {"added": {"name": "recipe ingredient", "object": "1 tbsp curry paste"}}, {"added": {"name": "recipe ingredient", "object": "1 tsp soy sauce"}}, {"added": {"name": "recipe ingredient", "object": "1 tsp sugar"}}, {"added": {"name": "recipe ingredient", "object": "1 clove garlic"}}, {"added": {"name": "recipe ingredient", "object": "80 g cucumber"}}, {"added": {"name": "recipe ingredient", "object": "80 g cilantro"}}]	8	1
92	2026-05-03 07:57:07.692315+00	13	Vegan Curry Tofu with Rice	2	[{"changed": {"fields": ["Calories", "Proteins", "Fats", "Carbohydrates"]}}]	8	1
\.


--
-- Data for Name: django_content_type; Type: TABLE DATA; Schema: public; Owner: solea_user
--

COPY public.django_content_type (id, app_label, model) FROM stdin;
1	admin	logentry
2	auth	group
3	auth	permission
4	contenttypes	contenttype
5	sessions	session
6	recipes	category
8	recipes	recipe
9	users	customuser
10	orders	order
11	orders	orderitem
12	partners	partner
7	recipes	recipeingredient
13	recipes	ingredient
\.


--
-- Data for Name: django_migrations; Type: TABLE DATA; Schema: public; Owner: solea_user
--

COPY public.django_migrations (id, app, name, applied) FROM stdin;
1	contenttypes	0001_initial	2026-04-12 09:50:32.928406+00
2	contenttypes	0002_remove_content_type_name	2026-04-12 09:50:32.935029+00
3	auth	0001_initial	2026-04-12 09:50:32.981889+00
4	auth	0002_alter_permission_name_max_length	2026-04-12 09:50:32.9877+00
5	auth	0003_alter_user_email_max_length	2026-04-12 09:50:32.991788+00
6	auth	0004_alter_user_username_opts	2026-04-12 09:50:32.996387+00
7	auth	0005_alter_user_last_login_null	2026-04-12 09:50:33.000567+00
8	auth	0006_require_contenttypes_0002	2026-04-12 09:50:33.001571+00
9	auth	0007_alter_validators_add_error_messages	2026-04-12 09:50:33.008116+00
10	auth	0008_alter_user_username_max_length	2026-04-12 09:50:33.012543+00
11	auth	0009_alter_user_last_name_max_length	2026-04-12 09:50:33.016095+00
12	auth	0010_alter_group_name_max_length	2026-04-12 09:50:33.025156+00
13	auth	0011_update_proxy_permissions	2026-04-12 09:50:33.028516+00
14	auth	0012_alter_user_first_name_max_length	2026-04-12 09:50:33.03257+00
15	users	0001_initial	2026-04-12 09:50:33.092236+00
16	admin	0001_initial	2026-04-12 09:50:33.117899+00
17	admin	0002_logentry_remove_auto_add	2026-04-12 09:50:33.126951+00
18	admin	0003_logentry_add_action_flag_choices	2026-04-12 09:50:33.133962+00
19	recipes	0001_initial	2026-04-12 09:50:33.177997+00
20	orders	0001_initial	2026-04-12 09:50:33.194798+00
21	orders	0002_initial	2026-04-12 09:50:33.230256+00
22	partners	0001_initial	2026-04-12 09:50:33.238411+00
23	sessions	0001_initial	2026-04-12 09:50:33.250061+00
24	users	0002_alter_customuser_email_alter_customuser_groups_and_more	2026-04-15 19:46:38.852179+00
25	recipes	0002_normalize_ingredients	2026-04-24 14:53:18.7068+00
26	recipes	0003_recipe_calories_recipe_carbohydrates_recipe_fats_and_more	2026-05-03 07:55:24.551084+00
\.


--
-- Data for Name: django_session; Type: TABLE DATA; Schema: public; Owner: solea_user
--

COPY public.django_session (session_key, session_data, expire_date) FROM stdin;
gz5h9gnl9kt47hmuuznmciztv3wv7l2y	.eJxVjEsOwjAMBe-SNYpqu3UCS_Y9Q5XaLi2gROpnhbg7VOoCtm9m3st1aVvHblts7iZ1Fwfu9Lv1SR6Wd6D3lG_FS8nrPPV-V_xBF98Wtef1cP8OxrSM3xo1AWiURgEsIHIjatHOjRInrAm0ogBBWLnqSRmHwUiwGoSJotXu_QHfxzfD:1wD4Jn:BN9LHC0hCoqakTbJKymgXfJNeh6k9gtr6Ihi1gQ1sNQ	2026-04-29 17:46:27.743739+00
c73anbdobzj045cqo10pwqbtchpks6ep	.eJxVjEEOwiAUBe_C2hCgQKtL956BwP-vUjWQlHZlvLtt0oVu38y8twhxXXJYG-YwsbgIrcXpd0yRnig74Ucs9yqplmWektwVedAmb5Xxuh7u30GOLW-1B5z2LiKNipL1IxN74rOypvPKRWVpAJMCD6bvtWUCQNhky2x0Jz5fNVc5cg:1wIjhz:YqWbd75lXgSeec74pnkG0PFWnuyGOVk5086uR2gZ7zM	2026-05-15 08:58:51.673484+00
k78jnki4b8n8k3pa1pp97n21dc1gbol4	e30:1wKjpL:Ldfz805frCPlxByDku7a_qTvHhZCSNOB6XyxQAiixXM	2026-05-20 21:30:43.85479+00
32yx43tqupu509ixg2hpbq41mghnksob	.eJxVjMsOwiAQRf-FtSFloDC4dO83kOElVQNJaVfGf1eSLnR7zzn3xRztW3F7T6tbIjszwU6_m6fwSHWAeKd6azy0uq2L50PhB-382mJ6Xg7376BQL996gqhRayt1AIvoZ0xkQBmVhPVamOwBcopWq6GoWU4SgBBQYYg5SPb-ALPcNtE:1wJ9Ob:rT5zUVXs151M-5tBXpmQECh4jd6Cxlm9SJqoB-CbAnM	2026-05-16 12:24:33.066566+00
59h7ygruj7t4ftm2z4dxq3wzt5bp9qt9	e30:1wJGdc:EjZ5l_kLnyGrUnwnJXW5tCaz8wT-9JHPDWi7lhqO-EI	2026-05-16 20:08:32.536001+00
d6ptq623j448tt0o54cm8cd0xhe666rc	e30:1wKkaJ:YLDp3oe4GaQKV8l8HrqEnfPc2WxKFDpgXZ-o6CwnLUU	2026-05-20 22:19:15.413075+00
d0kpmfd86q7btpmdcvdojfgpopnbcvw1	e30:1wJVSY:L7tEzZ7GWo8rANUSwg1s4tcnTTF1KzZLZafl_-Gu3ho	2026-05-17 11:58:06.412245+00
unx1em2nlq19tku7jj3wty3qudy8znew	.eJxVjMsOwiAQRf-FtSFloDC4dO83kOElVQNJaVfGf1eSLnR7zzn3xRztW3F7T6tbIjszwU6_m6fwSHWAeKd6azy0uq2L50PhB-382mJ6Xg7376BQL996gqhRayt1AIvoZ0xkQBmVhPVamOwBcopWq6GoWU4SgBBQYYg5SPb-ALPcNtE:1wJYhw:nheMGaDIKjCZFpfqRTVntbdFX7ACS1U3xx1Lezc6OCE	2026-05-17 15:26:12.968674+00
6t2onxp8nqno4wazpbzaa4dpkeiz27b6	.eJxVjMsOwiAQRf-FtSFloDC4dO83kOElVQNJaVfGf1eSLnR7zzn3xRztW3F7T6tbIjszwU6_m6fwSHWAeKd6azy0uq2L50PhB-382mJ6Xg7376BQL996gqhRayt1AIvoZ0xkQBmVhPVamOwBcopWq6GoWU4SgBBQYYg5SPb-ALPcNtE:1wGLiJ:pllt9IrUqv_vxDY6XpmHOos5G_Ic-R1_FZPzu31GK8M	2026-05-08 18:57:19.620022+00
9levi4duwlm6lk14d3r00gl17r31dhfd	.eJxVjMsOwiAQRf-FtSFloDC4dO83kOElVQNJaVfGf1eSLnR7zzn3xRztW3F7T6tbIjszwU6_m6fwSHWAeKd6azy0uq2L50PhB-382mJ6Xg7376BQL996gqhRayt1AIvoZ0xkQBmVhPVamOwBcopWq6GoWU4SgBBQYYg5SPb-ALPcNtE:1wGLj7:aJ1LQby2Lt5u7yyRUw5ysynMLccXaEA_5X9yvyK-siQ	2026-05-08 18:58:09.20283+00
079n6zcxf6jkdp039fsbbnpx6w16wg1h	e30:1wNF3g:cVpdo-lfG6IXiAJR1msay87hyoE01A81ta-s0KgjsnU	2026-05-27 19:15:52.526193+00
q5bix6rkbxgw9c287thc2aexxw99b7fw	.eJxVjMsOwiAQRf-FtSFloDC4dO83kOElVQNJaVfGf1eSLnR7zzn3xRztW3F7T6tbIjszwU6_m6fwSHWAeKd6azy0uq2L50PhB-382mJ6Xg7376BQL996gqhRayt1AIvoZ0xkQBmVhPVamOwBcopWq6GoWU4SgBBQYYg5SPb-ALPcNtE:1wGMPJ:zk5eP7M5krC3iv52Ma--3uVKyOkpxLKuSOlv0lJMX2o	2026-05-08 19:41:45.225869+00
malxurnk7ryr938dbmtqhllu67143y5x	e30:1wNFII:Z7AN25W5rU97Mwcq0n9c3sALHrpC1URMm9UyGZqlj54	2026-05-27 19:30:58.988303+00
nm968var0myx3bnxaq4gx3z9s0b76c5x	.eJxVjMsOwiAQRf-FtSFloDC4dO83kOElVQNJaVfGf1eSLnR7zzn3xRztW3F7T6tbIjszwU6_m6fwSHWAeKd6azy0uq2L50PhB-382mJ6Xg7376BQL996gqhRayt1AIvoZ0xkQBmVhPVamOwBcopWq6GoWU4SgBBQYYg5SPb-ALPcNtE:1wGTjv:zB9aw-olMlEKhDNrNnmaySKwvHmwUj7kvx8P9Va5dS8	2026-05-09 03:31:31.205221+00
a3sbwq8feytyzsrmv3n7pc5kwbq8rtld	e30:1wNGIX:tYLYc60J33wp8hQJYGkdiSoN09-X7DLHswd-QAVVFrE	2026-05-27 20:35:17.706235+00
osjh9xjcbp6zh67hwc2e3fla6r2cewch	e30:1wNteS:_YwveVGmozLozC818_L4J2H3sdWb1YQFsKL3DZqVvWQ	2026-05-29 14:36:32.934331+00
4i2017xyczui1a46yrjd2q9q8p0g7g3h	e30:1wNtgc:Rdah0YxpACBuwsCG0ggwpyQ4NZGHjzmIXRE0SvsY2dg	2026-05-29 14:38:46.41018+00
frt3tw2s6mwhvzxei1encpwe9gamhkdi	.eJxVjMEOwiAQRP-FsyFCobgevfcbyC67SNXQpLQn47_bJj1oMqd5b-atIq5LiWuTOY6srgrU6bcjTE-pO-AH1vuk01SXeSS9K_qgTQ8Ty-t2uH8HBVvZ1hfTkw2IAcgJeQBI1iJ1KSfMgY0Rw663glsCQCec3dkan71B4pDV5wv_0TjG:1wHeC7:2_Efb_bYFdzPeu_l2l2ZhsUoHaKaI5UNWifRw0OCki0	2026-05-12 08:53:27.577373+00
cw9sw9nrdyky8ornpm361niqoihvsynp	.eJxVjMsOwiAQRf-FtSFloDC4dO83kOElVQNJaVfGf1eSLnR7zzn3xRztW3F7T6tbIjszwU6_m6fwSHWAeKd6azy0uq2L50PhB-382mJ6Xg7376BQL996gqhRayt1AIvoZ0xkQBmVhPVamOwBcopWq6GoWU4SgBBQYYg5SPb-ALPcNtE:1wHkC7:nTXFLjqCzpti5oEQihabjLVzOi3Noh2eaWWeZzuAbBU	2026-05-12 15:17:51.24031+00
sixxvsvfhcddbpx4dhd7la10p76yd6kx	e30:1wIStM:DAgkzs7PepfE_6gp6Y7LjKsVs49n1_v9gdu2eKw0s3Q	2026-05-14 15:01:28.476545+00
1k5nm50qdp4iqqonnspz3eory4u5ryxs	.eJxVjMsOwiAQRf-FtSFloDC4dO83kOElVQNJaVfGf1eSLnR7zzn3xRztW3F7T6tbIjszwU6_m6fwSHWAeKd6azy0uq2L50PhB-382mJ6Xg7376BQL996gqhRayt1AIvoZ0xkQBmVhPVamOwBcopWq6GoWU4SgBBQYYg5SPb-ALPcNtE:1wIXZR:F8ptgaFoKsx0O13yt8DhY2za7-X_lcLkhmuN220FU5s	2026-05-14 20:01:13.046228+00
ep9ruy2xhsez5ft2yqe4uee1ftjwp8p4	.eJxVjMsOwiAQRf-FtSFloDC4dO83kOElVQNJaVfGf1eSLnR7zzn3xRztW3F7T6tbIjszwU6_m6fwSHWAeKd6azy0uq2L50PhB-382mJ6Xg7376BQL996gqhRayt1AIvoZ0xkQBmVhPVamOwBcopWq6GoWU4SgBBQYYg5SPb-ALPcNtE:1wIivM:UxKQ3UiYWMG0cdf3ifYFDmkaxqWg8-xpUJ3Qc0dtH4Y	2026-05-15 08:08:36.758365+00
jfxt44x0gw4el8yv8nnfvquj2wibx50a	e30:1wIjhE:lRCI5oIJrp0EXMmheV-LD1qNY3JFSoniXs-FnlMAM6w	2026-05-15 08:58:04.660305+00
fpikelo2k7q734z5lv8o9d4wlac3a4cr	.eJxVjMsOwiAQRf-FtSE8pogu3fcbyMAMUjWQlHZl_HfbpAvd3nPOfYuA61LC2nkOE4mr0CBOv2PE9OS6E3pgvTeZWl3mKcpdkQftcmzEr9vh_h0U7GWrkZwiS57PiuJgszYADDopaz2kHPUmZNA5XVCjimggW3DODckbp5jF5wsWXjhK:1wK1Kh:OyyLSjPlIb6kJTd6lDmEfk5E6Ph-sl7qz99SoiIGZBQ	2026-05-18 22:00:07.703504+00
\.


--
-- Data for Name: orders_order; Type: TABLE DATA; Schema: public; Owner: solea_user
--

COPY public.orders_order (id, session_key, status, delivery_address, total_price, created_at, updated_at, user_id) FROM stdin;
5		delivered	asd, aaaqqq, 1	30.00	2026-04-24 14:28:27.571617+00	2026-04-24 14:28:27.571617+00	6
6		delivered	asd, aaaa11, 111	180.00	2026-04-24 14:38:35.035855+00	2026-04-24 14:38:35.035855+00	6
7		delivered	ывфывфы, фывфвыфвф, 1	60.00	2026-04-24 14:40:15.827005+00	2026-04-24 14:40:15.827005+00	6
2	v2cadvndu1b7cky1588ywgi2y760ezx9	pending		60.00	2026-04-15 19:30:03.925429+00	2026-04-15 19:30:03.925429+00	\N
8		delivered	тииии, риппипиирр, 11	90.00	2026-04-24 14:41:37.96526+00	2026-04-24 14:41:37.96526+00	6
9	y3px2jawlf7v1ggw064uco0ebvdjmeyu	delivered	ячЯЧ, ФЫ, 1	60.00	2026-04-24 14:43:36.072155+00	2026-04-24 14:43:36.072155+00	\N
10	y3px2jawlf7v1ggw064uco0ebvdjmeyu	pending		30.00	2026-04-24 14:57:04.372416+00	2026-04-24 14:57:04.372416+00	\N
11		pending		0.00	2026-04-24 15:04:21.033343+00	2026-04-24 15:04:21.033343+00	7
3	lpyucavcznsydiccs2tzywzhulpichbq	pending		60.00	2026-04-15 19:48:24.756293+00	2026-04-15 19:48:24.756293+00	\N
4	fgzvuxyf6rfd7z04jgj8k1j1lcwsih54	pending		60.00	2026-04-24 14:11:34.742324+00	2026-04-24 14:11:34.742324+00	\N
12	bare5dvd68dfypbwhgtpat6wzw87ndsv	pending		30.00	2026-04-24 17:42:21.217233+00	2026-04-24 17:42:21.217258+00	\N
46	osjh9xjcbp6zh67hwc2e3fla6r2cewch	pending		0.00	2026-05-15 14:36:32.916327+00	2026-05-15 14:36:32.916362+00	\N
47	4i2017xyczui1a46yrjd2q9q8p0g7g3h	pending		0.00	2026-05-15 14:38:46.401715+00	2026-05-15 14:38:46.401733+00	\N
14		delivered	asd, aaaa, 1	30.00	2026-04-24 17:49:31.581902+00	2026-04-24 17:49:31.581916+00	6
16		delivered	Odesa, Semena Paliya, 107, 47/8	30.00	2026-04-24 17:54:24.187914+00	2026-04-24 17:54:24.187928+00	8
17	llseczakcsbntuf2q0aailzezzcf8lk6	pending		0.00	2026-04-24 18:52:06.644264+00	2026-04-24 18:52:06.644294+00	\N
18	k25lj2k2k35e98h1wv51r3uz317dzdhr	pending		30.00	2026-04-24 19:49:51.755126+00	2026-04-24 19:49:51.755149+00	\N
1		delivered	Нугуо, Вовоа, 1	30.00	2026-04-15 17:56:09.254755+00	2026-04-15 17:56:09.254755+00	1
19	vk5e191hmpqj2dl3u11yuhlj2i0uvn4s	pending		0.00	2026-04-28 08:51:50.662772+00	2026-04-28 08:51:50.662787+00	\N
20		delivered	Odesa, Kapitana Kuznetsova, 112, floor 2	34.00	2026-04-28 08:53:46.404134+00	2026-04-28 08:53:46.404183+00	9
34		delivered	Kyiv, Kresh, 1B	11.00	2026-05-03 21:36:26.856316+00	2026-05-03 21:36:26.856331+00	10
21	sixxvsvfhcddbpx4dhd7la10p76yd6kx	pending		6.00	2026-04-30 15:01:24.393146+00	2026-04-30 15:01:24.393173+00	\N
36		delivered	Kyiv, Kresh, 1B	9.00	2026-05-03 22:15:22.380349+00	2026-05-03 22:15:22.380375+00	10
22		delivered	Kyiv, Kresh, 1B	16.00	2026-04-30 19:43:51.925852+00	2026-04-30 19:43:51.925875+00	1
29	59h7ygruj7t4ftm2z4dxq3wzt5bp9qt9	pending		1217.02	2026-05-02 16:23:15.497698+00	2026-05-02 16:23:15.497726+00	\N
23		delivered	asdasdsa, asdasdas, 11	6.00	2026-04-30 20:42:32.149276+00	2026-04-30 20:42:32.149303+00	1
31	d0kpmfd86q7btpmdcvdojfgpopnbcvw1	pending		0.00	2026-05-03 11:58:06.399005+00	2026-05-03 11:58:06.39903+00	\N
25	jfxt44x0gw4el8yv8nnfvquj2wibx50a	pending		0.00	2026-05-01 08:58:04.640916+00	2026-05-01 08:58:04.640927+00	\N
26		delivered	Avdos, Lenina, 1, None	47.00	2026-05-01 08:58:51.624185+00	2026-05-01 08:58:51.624196+00	11
27		delivered	Avdos, Lenina, 1, None	3.00	2026-05-01 08:59:49.571474+00	2026-05-01 08:59:49.571494+00	11
28		delivered	Нугугу, Вовоао, 12	3.00	2026-05-01 18:10:33.339672+00	2026-05-01 18:10:33.339691+00	1
32	l7dcxgh7gmb90qfdgfsdeu5hc0xiwuqb	pending		23.02	2026-05-03 15:21:13.233446+00	2026-05-03 15:21:13.233477+00	\N
38		pending		3.00	2026-05-04 22:00:07.681624+00	2026-05-04 22:00:07.681655+00	14
39	k78jnki4b8n8k3pa1pp97n21dc1gbol4	pending		0.00	2026-05-06 21:30:43.831508+00	2026-05-06 21:30:43.831534+00	\N
40	d6ptq623j448tt0o54cm8cd0xhe666rc	pending		0.00	2026-05-06 22:19:15.390182+00	2026-05-06 22:19:15.390206+00	\N
30		delivered	Kyiv, Krizanivka, 21B, 5	39.00	2026-05-03 10:14:33.646862+00	2026-05-03 10:14:33.646913+00	1
42		pending		17.00	2026-05-12 19:52:10.156054+00	2026-05-12 19:52:10.15607+00	12
43	079n6zcxf6jkdp039fsbbnpx6w16wg1h	pending		0.00	2026-05-13 19:15:52.510494+00	2026-05-13 19:15:52.510508+00	\N
44	malxurnk7ryr938dbmtqhllu67143y5x	pending		5.00	2026-05-13 19:30:56.167344+00	2026-05-13 19:30:56.16737+00	\N
45	a3sbwq8feytyzsrmv3n7pc5kwbq8rtld	pending		0.00	2026-05-13 20:35:17.681604+00	2026-05-13 20:35:17.68163+00	\N
\.


--
-- Data for Name: orders_orderitem; Type: TABLE DATA; Schema: public; Owner: solea_user
--

COPY public.orders_orderitem (id, quantity, unit_price, order_id, recipe_id) FROM stdin;
5	2	30.00	2	1
7	2	30.00	3	1
47	3	3.00	30	8
11	2	30.00	4	1
13	1	30.00	5	1
14	6	30.00	6	1
15	2	30.00	7	1
16	3	30.00	8	1
17	2	30.00	9	1
18	1	30.00	10	1
19	1	30.00	12	1
21	1	30.00	14	1
46	5	6.00	30	11
23	1	30.00	16	1
24	1	30.00	18	1
25	1	30.00	1	1
27	2	2.00	20	3
26	1	30.00	20	1
28	2	3.00	21	4
29	2	3.00	22	4
30	2	5.00	22	5
69	1	5.00	42	5
32	2	3.00	23	13
70	1	6.00	42	6
71	1	3.00	42	8
72	1	3.00	42	4
73	1	5.00	44	10
36	2	6.00	26	11
37	1	30.00	26	1
38	1	5.00	26	5
39	1	3.00	27	12
40	1	3.00	28	4
41	1	5.00	29	7
42	1	10.02	29	9
44	238	5.00	29	10
43	2	3.00	29	12
45	1	6.00	29	11
48	2	5.00	32	10
49	1	10.02	32	9
50	1	3.00	32	12
57	1	6.00	34	11
58	1	5.00	34	10
61	1	3.00	36	12
62	1	6.00	36	11
64	1	3.00	38	12
\.


--
-- Data for Name: partners_partner; Type: TABLE DATA; Schema: public; Owner: solea_user
--

COPY public.partners_partner (id, name, description, logo, website, is_active, "order") FROM stdin;
\.


--
-- Data for Name: recipes_category; Type: TABLE DATA; Schema: public; Owner: solea_user
--

COPY public.recipes_category (id, name, slug) FROM stdin;
1	vegan	vegan
2	protein	protein
\.


--
-- Data for Name: recipes_ingredient; Type: TABLE DATA; Schema: public; Owner: solea_user
--

COPY public.recipes_ingredient (id, name) FROM stdin;
1	avocado
2	tortilia
3	mayoneisse sous
5	cabbage
6	hope
7	egg
8	ground beef
9	breadcrumbs
10	garlic
11	salt
12	black pepper
13	olive oil
14	rucola
15	lemon juice
16	salmon fillet
17	spinach
18	zucchini
19	sweet bell pepper
20	soy sauce
21	honey
22	dijon mustard
23	cornstarch
24	shrimp
25	cherry tomatoes
26	rice
27	corn
28	green onion
29	chicken breast
30	egg noodles
31	tofu
32	chicken broth
33	chili oil
34	parsley
35	lettuce
36	quail eggs
37	cheddar
38	croutons
39	potatoes
40	paprika
41	thyme
42	fettuccine
4	broccoli
44	ham
45	heavy cream
46	parmesan
47	butter
48	chanterelles
49	onion
50	balsamic vinegar
51	maple syrup
52	farfalle
53	basil
54	tortillas
55	sweet potato
56	chickpeas
57	cumin
58	red onion
59	green chili
60	rice cakes (tteok)
61	cucumber
62	chili paste (gochujang)
63	sesame oil
64	sesame seeds
65	sugar
66	curry paste
67	coconut milk
68	champignons
69	tomatoes
70	chicken
71	cilantro
\.


--
-- Data for Name: recipes_recipe; Type: TABLE DATA; Schema: public; Owner: solea_user
--

COPY public.recipes_recipe (id, title, slug, description, instructions, cook_time, price, image, is_active, created_at, category_id, calories, carbohydrates, fats, proteins) FROM stdin;
1	Avocado Tacos	avocado-tacos	Where recipes become moments, and ingredients arrive with purpose.	very very long text with instructions on how acually cook it, taco	30	30.00	recipes/avocadotaco.jpg	t	2026-04-15 17:50:02.367156+00	1	\N	\N	\N	\N
4	Meatballs	meatballs	Juicy, pan-seared beef meatballs served with a light and peppery rucola salad. This dish is simple, balanced, and perfect for a quick yet satisfying meal. The freshness of the greens complements the rich flavor of the meat.	1. In a bowl, combine ground beef, egg, breadcrumbs, minced garlic, salt, and pepper. Mix until well combined.\r\n2. Form the mixture into small meatballs (about 5–6 pieces).\r\n3. Heat olive oil in a pan over medium heat.\r\n4. Cook the meatballs for 8–10 minutes, turning occasionally, until browned on all sides and fully cooked inside.\r\n5. Serve the hot meatballs with the fresh rucola salad on the side.	20	3.00	recipes/meatballs.png	t	2026-04-28 15:27:54.204852+00	2	\N	\N	\N	\N
6	Shrimp Fried Rice	shrimp-fried-rice	A vibrant fried rice dish with juicy shrimp, sweet corn, and fresh cherry tomatoes, finished with green onions for a burst of flavor. It’s quick, colorful, and perfectly balanced between savory and slightly sweet. Great for a light but satisfying meal.	Heat oil in a pan or wok over medium-high heat.\r\nAdd shrimp and cook for 2–3 minutes until pink and fully cooked. Remove and set aside.\r\nIn the same pan, add garlic and cook for about 30 seconds until fragrant.\r\nAdd corn and cook for 1–2 minutes.\r\nAdd the cooked rice, breaking up any clumps, and stir-fry for 3–4 minutes.\r\nReturn the shrimp to the pan and mix well.\r\nAdd soy sauce, salt, and pepper, and stir to combine.\r\nAdd cherry tomatoes and cook for another 1–2 minutes (they should soften slightly but not fall apart).\r\nTurn off the heat, sprinkle with green onions, and mix gently.\r\nServe hot.	20	6.00	recipes/shrimp_rice.png	t	2026-04-30 20:17:49.678877+00	2	\N	\N	\N	\N
7	Chicken Noodle Soup	chicken-noodle-soup	A comforting noodle soup with tender chicken, soft tofu slices, and a light, flavorful broth. Finished with fresh parsley and a drizzle of chili oil, it has a gentle heat that makes it both soothing and exciting. Perfect for a warm, nourishing meal.	In a small pot, bring the chicken broth to a gentle boil.\r\nAdd the chicken breast and cook for 10–12 minutes until fully cooked. Remove and slice into pieces.\r\nAdd garlic and soy sauce to the broth.\r\nAdd the noodles and cook according to package instructions (usually 4–5 minutes).\r\nAdd the sliced tofu and cook for another 2–3 minutes to heat through.\r\nReturn the chicken to the pot and season with salt and pepper.\r\nPour the soup into a bowl, drizzle with chili oil, and top with fresh parsley and green onion.\r\nServe hot.	25	5.00	recipes/chicken_noodle_soup.png	t	2026-04-30 20:24:47.099082+00	2	\N	\N	\N	\N
5	Baked Salmon & Veggies	baked-salmon-veggies	Tender baked salmon served with sautéed spinach, zucchini, and sweet peppers, all coated in a rich, savory brown sauce. This dish is flavorful yet light, combining healthy ingredients with a deep umami taste. Perfect for a balanced and elegant meal.	Preheat the oven to 180°C (350°F).\r\nPlace the salmon fillet on a baking tray, season with salt and pepper, and drizzle with olive oil.\r\nBake for 12–15 minutes, until the salmon is tender and flakes easily.\r\nIn a small bowl, mix soy sauce, honey, mustard, lemon juice, and water. Add cornstarch if you want a thicker sauce.\r\nHeat a pan over medium heat and lightly cook the sauce for 2–3 minutes until slightly thickened. Set aside.\r\nIn another pan, heat olive oil and sauté garlic for about 30 seconds.\r\nAdd zucchini and bell pepper, cook for 4–5 minutes until slightly soft.\r\nAdd spinach and cook for another 1–2 minutes until wilted.\r\nPlace vegetables on a plate, top with baked salmon, and drizzle everything with the brown sauce.	25	5.00	recipes/baked_salmon_hrnjSAR.png	t	2026-04-30 20:12:53.730342+00	2	\N	\N	\N	\N
9	Roasted Half Chicken with Potatoes	roasted-half-chicken-with-potatoes	Juicy roasted half chicken with crispy golden potatoes and sweet bell peppers, finished with fresh parsley. This dish is rich, comforting, and full of classic oven-roasted flavors. Perfect for a satisfying, well-rounded meal.	Preheat the oven to 190°C (375°F).\r\nPlace the chicken on a baking tray. Rub it with olive oil, salt, pepper, paprika, and dried herbs. Add crushed garlic on top.\r\nIn a bowl, toss the potatoes and sweet pepper with a bit of olive oil, salt, and pepper.\r\nArrange the vegetables around the chicken on the tray.\r\nRoast for 45–55 minutes, until the chicken is golden and fully cooked (juices run clear), and the potatoes are tender.\r\nFor extra crispiness, you can turn on the grill/broil mode for the last 5 minutes.\r\nRemove from the oven, sprinkle with fresh parsley, and let rest for a few minutes before serving.	60	10.02	recipes/Roasted_chicken.png	t	2026-04-30 20:43:54.915313+00	2	\N	\N	\N	\N
10	Creamy Pasta with Broccoli and Ham	creamy-pasta-with-broccoli-and-ham	Silky flat pasta tossed in a rich, creamy white sauce with tender broccoli and savory pieces of ham. Fresh parsley adds brightness, balancing the richness of the dish. It’s comforting, flavorful, and perfect for a satisfying meal.	Cook the pasta in salted boiling water according to package instructions. Reserve a small cup of pasta water before draining.\r\nIn the last 3–4 minutes of cooking, add broccoli to the same pot to soften it. Drain together with the pasta.\r\nIn a pan, heat olive oil or butter over medium heat. Add garlic and cook for about 30 seconds.\r\nAdd the ham and cook for 2–3 minutes until lightly browned.\r\nPour in the cream and bring to a gentle simmer.\r\nAdd grated Parmesan and stir until the sauce becomes smooth. Season with salt and pepper.\r\nAdd the cooked pasta and broccoli to the pan. Toss everything together, adding a bit of reserved pasta water if needed to loosen the sauce.\r\nFinish with fresh parsley and mix gently.\r\nServe immediately.	25	5.00	recipes/creamy_pasta.png	t	2026-04-30 20:53:35.15001+00	2	\N	\N	\N	\N
8	Fancy Salad	fancy-salad	A light and elegant salad combining crisp lettuce and peppery rucola with creamy quail eggs and sliced cheese. Crunchy croutons add texture, while cherry tomatoes bring a fresh, juicy balance. Perfect as a quick lunch or a stylish starter.	Boil the quail eggs in water for 4 minutes, then cool, peel, and cut in halves.\r\nWash and dry the lettuce and rucola, then place them in a bowl.\r\nAdd cherry tomatoes and sliced cheese.\r\nIn a small bowl, whisk together olive oil, lemon juice, mustard, salt, and pepper.\r\nPour the dressing over the salad and toss gently.\r\nAdd croutons and quail eggs on top.\r\nServe immediately to keep the croutons crispy.	10	3.00	recipes/fancy_salad.png	t	2026-04-30 20:35:00.237019+00	2	\N	\N	\N	\N
11	Salad with Chanterelles	salad-with-chanterelles	A warm, earthy salad featuring sautéed chanterelle mushrooms, crisp lettuce, and fresh greens. Crunchy croutons add texture, while a light vinaigrette ties everything together. This vegan dish is flavorful, aromatic, and perfect for a refined yet simple meal.	Heat 1 tbsp olive oil in a pan over medium heat.\r\nAdd onion and cook for 2–3 minutes until soft.\r\nAdd garlic and chanterelles, sauté for 5–7 minutes until mushrooms are tender and lightly golden. Season with a pinch of salt and pepper.\r\nIn a bowl, combine lettuce, rucola (or spinach), and green onion.\r\nIn a small bowl, whisk together all dressing ingredients.\r\nAdd the warm mushrooms on top of the greens.\r\nDrizzle with dressing and toss gently.\r\nTop with croutons and serve immediately.	20	6.00	recipes/chanterrelles.png	t	2026-04-30 21:06:17.140029+00	1	\N	\N	\N	\N
12	Farfalle with Cherry Tomatoes	farfalle-with-cherry-tomatoes	Light and fresh bow-shaped pasta tossed in a vibrant green herb sauce with juicy cherry tomatoes and crisp lettuce. The sauce is aromatic and slightly garlicky, coating every piece with a silky, oily texture. Perfect for a quick, plant-based meal that feels both refreshing and satisfying.	Cook the farfalle in salted boiling water according to package instructions. Drain and let it cool slightly.\r\nIn a blender or using a hand mixer, combine basil, parsley, garlic, olive oil, lemon juice, salt, and pepper. Blend until smooth to create a green herb sauce.\r\nIn a bowl, combine the cooked pasta and cherry tomatoes.\r\nAdd the lettuce and gently mix.\r\nPour the green sauce over the pasta and toss until everything is evenly coated.\r\nAdjust seasoning if needed and serve immediately or slightly chilled.	15	3.00	recipes/farfalle.png	t	2026-04-30 21:07:16.668567+00	1	\N	\N	\N	\N
3	Hasselback Potatoes	hasselback-potatoes	Crispy-on-the-outside, tender-on-the-inside Hasselback potatoes, thinly sliced but kept whole for a beautiful presentation. Served with sautéed mushrooms and a fresh tomato salad, this dish is simple yet full of texture and flavor. A perfect comforting vegan meal.	Preheat the oven to 200°C.\r\nSlice the potatoes thinly (like an accordion), but do not cut all the way through.\r\nPlace them on a baking tray and brush with olive oil. Sprinkle it with salt, pepper, and garlic.\r\nBake for 40–50 minutes, occasionally brushing with more oil, until crispy on the outside and soft inside.\r\nMeanwhile, heat oil in a pan and sauté mushrooms for 5–7 minutes until golden. Season with salt and pepper, then add green onion at the end.\r\nIn a bowl, mix chopped tomatoes with olive oil, lemon juice, and salt.\r\nServe the potatoes hot, with mushrooms and tomato salad on the side.	50	2.00	recipes/baked_potatoes.png	t	2026-04-26 18:46:28.472295+00	1	\N	\N	\N	\N
13	Vegan Curry Tofu with Rice	vegan-curry-tofu-with-rice	Simple steamed rice served with crispy tofu coated in a rich, thick orange curry sauce. Fresh cucumber adds a cool, refreshing contrast, while cilantro brightens the dish. A comforting and balanced vegan meal with bold flavors.	Cook the rice: rinse it, then simmer with water and a pinch of salt for 12–15 minutes until soft.\r\nPat the tofu dry, toss it in cornstarch, and coat evenly.\r\nHeat oil in a pan and cook the tofu for 6–8 minutes until golden and slightly crispy on all sides. Remove and set aside.\r\nIn the same pan, sauté garlic for about 30 seconds.\r\nAdd curry paste and cook briefly to release aroma.\r\nPour in coconut milk, soy sauce, and maple syrup. Stir and simmer for 3–5 minutes until slightly thickened.\r\nReturn tofu to the pan and coat it well in the sauce.\r\nServe the tofu over rice, with fresh cucumber on the side.\r\nSprinkle it with cilantro on top and serve hot.	25	3.00	recipes/curry_tofu_with_rice.png	t	2026-04-30 21:19:33.379223+00	1	250	70.0	10.0	45.0
\.


--
-- Data for Name: recipes_recipeingredient; Type: TABLE DATA; Schema: public; Owner: solea_user
--

COPY public.recipes_recipeingredient (id, quantity, recipe_id, ingredient_id) FROM stdin;
1	1	1	1
2	1	1	2
3	1	1	3
4	1	1	4
5	1	1	5
6	1	1	6
8	2	3	39
9	1.5 tbsp	3	13
10	1 tsp	3	11
11	1/4 tsp	3	12
12	1 clove	3	10
13	120 g	3	68
14	1 stalk	3	28
15	150 g	3	69
16	1tsp	3	15
17	1	4	8
18	1	4	7
19	1	4	9
20	1	4	10
21	1	4	11
22	1	4	12
23	1	4	13
24	1	4	14
25	150	5	16
26	¼ tsp	5	11
27	¼ tsp	5	12
28	1 tsp	5	13
29	50 g	5	17
30	80 g	5	18
31	70 g	5	19
32	1 clove	5	10
33	1 tbsp	5	20
34	1 tsp	5	21
35	½ tsp	5	22
36	1 tsp	5	15
37	½ tsp	5	23
38	150 g	6	26
39	120 g	6	24
40	6-8 pieces	6	25
41	50 g	6	27
42	1-2	6	28
43	1 clove	6	10
44	1 tbsp	6	20
45	1 tbsp	6	13
46	a pinch	6	11
47	¼ tsp	6	12
48	120 g	7	29
49	80 g	7	30
50	70g	7	31
51	400 ml	7	32
52	1 clove	7	10
53	1 tbs	7	20
54	¼ tsp	7	11
55	a pinch	7	12
56	1 tsp	7	33
57	1 tbsp	7	34
58	1 stalk	7	28
59	50 g	8	35
60	30 g	8	14
61	4 pieces	8	36
62	40 g	8	37
63	6-8 pieces	8	25
64	25 g	8	38
65	1 tbsp	8	13
66	1 tsp	8	15
67	½ tsp	8	22
68	a pinch	8	11
69	a pinch	8	12
70	500 g	9	70
71	250 g	9	39
72	100 g	9	19
73	2 cloves	9	10
74	1.5 tbsp	9	13
75	¾ tsp	9	11
76	½ tsp	9	12
77	½ tsp	9	40
78	½ tsp	9	41
79	1 tbsp	9	34
80	100 g	10	42
81	120 g	10	4
82	80 g	10	44
83	1 clove	10	10
84	100 ml	10	45
85	20 g	10	46
86	1 tbsp	10	47
87	½ tsp	10	11
88	¼ tsp	10	12
89	1 tbsp	10	34
90	120 g	11	48
91	60 g	11	35
92	30 g	11	14
93	1 stalk	11	28
94	40 g	11	49
95	25 g	11	38
96	1 clove	11	10
97	1/5 tbsp	11	13
98	1 tbs	11	50
99	½ tsp	11	22
100	½ tsp	11	51
101	a pinch	11	11
102	a pinch	11	12
103	100 g	12	52
104	8-10 pieces	12	25
105	40 g	12	35
106	10 g	12	34
107	15 g	12	53
108	1 clove	12	10
109	2 tbsp	12	13
110	1 tsp	12	15
111	½ tsp	12	11
112	¼ tsp	12	12
113	70 g	13	26
114	a pinch	13	11
115	150 g	13	31
116	1 tbsp	13	23
117	1 tbsp	13	13
118	120 ml	13	67
119	1 tbsp	13	66
120	1 tsp	13	20
121	1 tsp	13	65
122	1 clove	13	10
123	80 g	13	61
124	80 g	13	71
\.


--
-- Data for Name: users_customuser; Type: TABLE DATA; Schema: public; Owner: solea_user
--

COPY public.users_customuser (id, password, last_login, is_superuser, username, first_name, last_name, is_staff, is_active, date_joined, email, phone, address) FROM stdin;
2	pbkdf2_sha256$1200000$rKx7xPzYEH5imnFrmmtUj2$15sHHOjg4P0vDYlD0jTcGlE1hl22VJMKzFlLJOYznfE=	2026-04-12 10:17:12.011552+00	f	haken			f	t	2026-04-12 10:07:35.123114+00	zxc11@gmai.com		
3	pbkdf2_sha256$1200000$0ni1A9jispGhAMuEfNkv3d$TCqfYLw82WQl1li5/olCMvvRegsvp4zFd44VdqTRZzQ=	\N	f	aaa			f	t	2026-04-12 10:44:00.429012+00			
4	pbkdf2_sha256$1200000$wxr3DSowpsDXNIpGVt65TF$p53fTGVLDqoESy5W6D4vjQKJGI/y6/31c+Leofe61LM=	2026-04-12 11:18:32.762107+00	f	lolapipa			f	t	2026-04-12 11:09:53.685938+00	lolapipa@gmai.com		
5	pbkdf2_sha256$1200000$TiCfZegOETWZLiPwEHXgVY$l4IQ6wt2HXWT3po83n+lrWcik+u/wtqWxOGbxaEVlB0=	2026-04-16 16:55:25.017919+00	f	zxclord			f	t	2026-04-16 16:55:24.114987+00			
7	pbkdf2_sha256$320000$yCg1Y897uldC2OIFX7ZZwh$Zs+EgsMYyOZZpet7/JMjcjihJpwl0XH8kZYZBnSt+vo=	2026-04-24 15:04:17.846829+00	f	zxc123			f	t	2026-04-24 15:04:17.585372+00			
6	pbkdf2_sha256$1200000$8PqZkmw04sxpiHawoiib7x$PyYWvj91dXv2np1FQ1pyypZkTjhY9TwBp5uAzSGxXtU=	2026-04-24 17:49:31.601679+00	f	hakenxc			f	t	2026-04-24 14:28:12.885724+00			
8	pbkdf2_sha256$1200000$Bn5tEzZaox1Q6ueU37nc1V$h2dbkO1RKqKJIX8SZllv5Rp4lblETGyT3C4vQndM0Ek=	2026-04-24 17:54:24.220296+00	f	Nstuywa			f	t	2026-04-24 17:54:23.08591+00			
12	pbkdf2_sha256$1200000$ehDnEkyiJEToBNWn1FK6Om$3XEgNDWbQ3Cx37NtOYKnuL1s6ZrF9d9pDJZTZnpRggE=	2026-05-12 19:52:10.211673+00	f	Alex			f	t	2026-05-03 22:02:26.105119+00	alexVcool@gmail.com		
10	pbkdf2_sha256$1200000$6mryDRblSgfRSNFgfNTCJX$0e1hwnSiS3E754iFowLDctx3oZ/2rLRrXzoOt8M9JGI=	2026-05-12 19:52:17.688226+00	f	ananan			f	t	2026-04-30 20:56:35.273933+00	anna67@gmail.com		
1	pbkdf2_sha256$1200000$8Nu5HjM8bAKgb9d9nsR0M1$5X/iR0HMzn5s4OqfpG5M7UMYf+ELVHQe7X8l+s8kVOE=	2026-05-13 19:28:59.26822+00	t	admin			t	t	2026-04-12 09:50:49.452548+00	admin@solea.co		
9	pbkdf2_sha256$1200000$f39qlCudjmMBI8YMV6p2dj$Q/3/jPombP6Gca4N+xWS6ZBngKWVBuIAOwB3AehKMzQ=	2026-04-28 08:53:27.574446+00	f	auga			f	t	2026-04-28 08:53:26.475754+00	auga@gmail.com		
11	pbkdf2_sha256$1200000$XjtD7QB2t5hf1oHeMbHFEK$2YxlFr0UlJpFuGVB8NCj6IsdNgVME/32SEVDMQ4m8V8=	2026-05-01 08:58:51.668797+00	f	Pipa			f	t	2026-05-01 08:58:50.536472+00			
13	pbkdf2_sha256$1200000$82MyIb1VA46Tr1amkPYbmo$VP/5J3Kc39NMa99RFCva89YzRmvMbfweqcxYhLGZkfc=	2026-05-04 00:18:00.704495+00	f	Julius			f	t	2026-05-03 22:05:38.764809+00	cesar.not.salad@gmail.com		
14	pbkdf2_sha256$1200000$L3BylFBelBdzrlrZBLw5lF$MO4p0+fcmE82Hv4dE+RhWlYgCNH/B9xX+8KRTrdjDDM=	2026-05-04 22:00:07.700708+00	f	GreyHIT			f	t	2026-05-04 22:00:06.531445+00	sergey.khytushko@gmail.com		
\.


--
-- Data for Name: users_customuser_groups; Type: TABLE DATA; Schema: public; Owner: solea_user
--

COPY public.users_customuser_groups (id, customuser_id, group_id) FROM stdin;
\.


--
-- Data for Name: users_customuser_user_permissions; Type: TABLE DATA; Schema: public; Owner: solea_user
--

COPY public.users_customuser_user_permissions (id, customuser_id, permission_id) FROM stdin;
\.


--
-- Name: auth_group_id_seq; Type: SEQUENCE SET; Schema: public; Owner: solea_user
--

SELECT pg_catalog.setval('public.auth_group_id_seq', 1, false);


--
-- Name: auth_group_permissions_id_seq; Type: SEQUENCE SET; Schema: public; Owner: solea_user
--

SELECT pg_catalog.setval('public.auth_group_permissions_id_seq', 1, false);


--
-- Name: auth_permission_id_seq; Type: SEQUENCE SET; Schema: public; Owner: solea_user
--

SELECT pg_catalog.setval('public.auth_permission_id_seq', 56, true);


--
-- Name: django_admin_log_id_seq; Type: SEQUENCE SET; Schema: public; Owner: solea_user
--

SELECT pg_catalog.setval('public.django_admin_log_id_seq', 92, true);


--
-- Name: django_content_type_id_seq; Type: SEQUENCE SET; Schema: public; Owner: solea_user
--

SELECT pg_catalog.setval('public.django_content_type_id_seq', 13, true);


--
-- Name: django_migrations_id_seq; Type: SEQUENCE SET; Schema: public; Owner: solea_user
--

SELECT pg_catalog.setval('public.django_migrations_id_seq', 26, true);


--
-- Name: orders_order_id_seq; Type: SEQUENCE SET; Schema: public; Owner: solea_user
--

SELECT pg_catalog.setval('public.orders_order_id_seq', 47, true);


--
-- Name: orders_orderitem_id_seq; Type: SEQUENCE SET; Schema: public; Owner: solea_user
--

SELECT pg_catalog.setval('public.orders_orderitem_id_seq', 73, true);


--
-- Name: partners_partner_id_seq; Type: SEQUENCE SET; Schema: public; Owner: solea_user
--

SELECT pg_catalog.setval('public.partners_partner_id_seq', 1, false);


--
-- Name: recipes_category_id_seq; Type: SEQUENCE SET; Schema: public; Owner: solea_user
--

SELECT pg_catalog.setval('public.recipes_category_id_seq', 2, true);


--
-- Name: recipes_ingredient_id_seq; Type: SEQUENCE SET; Schema: public; Owner: solea_user
--

SELECT pg_catalog.setval('public.recipes_ingredient_id_seq', 124, true);


--
-- Name: recipes_ingredient_id_seq1; Type: SEQUENCE SET; Schema: public; Owner: solea_user
--

SELECT pg_catalog.setval('public.recipes_ingredient_id_seq1', 71, true);


--
-- Name: recipes_recipe_id_seq; Type: SEQUENCE SET; Schema: public; Owner: solea_user
--

SELECT pg_catalog.setval('public.recipes_recipe_id_seq', 13, true);


--
-- Name: users_customuser_groups_id_seq; Type: SEQUENCE SET; Schema: public; Owner: solea_user
--

SELECT pg_catalog.setval('public.users_customuser_groups_id_seq', 1, false);


--
-- Name: users_customuser_id_seq; Type: SEQUENCE SET; Schema: public; Owner: solea_user
--

SELECT pg_catalog.setval('public.users_customuser_id_seq', 14, true);


--
-- Name: users_customuser_user_permissions_id_seq; Type: SEQUENCE SET; Schema: public; Owner: solea_user
--

SELECT pg_catalog.setval('public.users_customuser_user_permissions_id_seq', 1, false);


--
-- Name: auth_group auth_group_name_key; Type: CONSTRAINT; Schema: public; Owner: solea_user
--

ALTER TABLE ONLY public.auth_group
    ADD CONSTRAINT auth_group_name_key UNIQUE (name);


--
-- Name: auth_group_permissions auth_group_permissions_group_id_permission_id_0cd325b0_uniq; Type: CONSTRAINT; Schema: public; Owner: solea_user
--

ALTER TABLE ONLY public.auth_group_permissions
    ADD CONSTRAINT auth_group_permissions_group_id_permission_id_0cd325b0_uniq UNIQUE (group_id, permission_id);


--
-- Name: auth_group_permissions auth_group_permissions_pkey; Type: CONSTRAINT; Schema: public; Owner: solea_user
--

ALTER TABLE ONLY public.auth_group_permissions
    ADD CONSTRAINT auth_group_permissions_pkey PRIMARY KEY (id);


--
-- Name: auth_group auth_group_pkey; Type: CONSTRAINT; Schema: public; Owner: solea_user
--

ALTER TABLE ONLY public.auth_group
    ADD CONSTRAINT auth_group_pkey PRIMARY KEY (id);


--
-- Name: auth_permission auth_permission_content_type_id_codename_01ab375a_uniq; Type: CONSTRAINT; Schema: public; Owner: solea_user
--

ALTER TABLE ONLY public.auth_permission
    ADD CONSTRAINT auth_permission_content_type_id_codename_01ab375a_uniq UNIQUE (content_type_id, codename);


--
-- Name: auth_permission auth_permission_pkey; Type: CONSTRAINT; Schema: public; Owner: solea_user
--

ALTER TABLE ONLY public.auth_permission
    ADD CONSTRAINT auth_permission_pkey PRIMARY KEY (id);


--
-- Name: django_admin_log django_admin_log_pkey; Type: CONSTRAINT; Schema: public; Owner: solea_user
--

ALTER TABLE ONLY public.django_admin_log
    ADD CONSTRAINT django_admin_log_pkey PRIMARY KEY (id);


--
-- Name: django_content_type django_content_type_app_label_model_76bd3d3b_uniq; Type: CONSTRAINT; Schema: public; Owner: solea_user
--

ALTER TABLE ONLY public.django_content_type
    ADD CONSTRAINT django_content_type_app_label_model_76bd3d3b_uniq UNIQUE (app_label, model);


--
-- Name: django_content_type django_content_type_pkey; Type: CONSTRAINT; Schema: public; Owner: solea_user
--

ALTER TABLE ONLY public.django_content_type
    ADD CONSTRAINT django_content_type_pkey PRIMARY KEY (id);


--
-- Name: django_migrations django_migrations_pkey; Type: CONSTRAINT; Schema: public; Owner: solea_user
--

ALTER TABLE ONLY public.django_migrations
    ADD CONSTRAINT django_migrations_pkey PRIMARY KEY (id);


--
-- Name: django_session django_session_pkey; Type: CONSTRAINT; Schema: public; Owner: solea_user
--

ALTER TABLE ONLY public.django_session
    ADD CONSTRAINT django_session_pkey PRIMARY KEY (session_key);


--
-- Name: orders_order orders_order_pkey; Type: CONSTRAINT; Schema: public; Owner: solea_user
--

ALTER TABLE ONLY public.orders_order
    ADD CONSTRAINT orders_order_pkey PRIMARY KEY (id);


--
-- Name: orders_orderitem orders_orderitem_pkey; Type: CONSTRAINT; Schema: public; Owner: solea_user
--

ALTER TABLE ONLY public.orders_orderitem
    ADD CONSTRAINT orders_orderitem_pkey PRIMARY KEY (id);


--
-- Name: partners_partner partners_partner_pkey; Type: CONSTRAINT; Schema: public; Owner: solea_user
--

ALTER TABLE ONLY public.partners_partner
    ADD CONSTRAINT partners_partner_pkey PRIMARY KEY (id);


--
-- Name: recipes_category recipes_category_pkey; Type: CONSTRAINT; Schema: public; Owner: solea_user
--

ALTER TABLE ONLY public.recipes_category
    ADD CONSTRAINT recipes_category_pkey PRIMARY KEY (id);


--
-- Name: recipes_category recipes_category_slug_key; Type: CONSTRAINT; Schema: public; Owner: solea_user
--

ALTER TABLE ONLY public.recipes_category
    ADD CONSTRAINT recipes_category_slug_key UNIQUE (slug);


--
-- Name: recipes_ingredient recipes_ingredient_name_key; Type: CONSTRAINT; Schema: public; Owner: solea_user
--

ALTER TABLE ONLY public.recipes_ingredient
    ADD CONSTRAINT recipes_ingredient_name_key UNIQUE (name);


--
-- Name: recipes_recipeingredient recipes_ingredient_pkey; Type: CONSTRAINT; Schema: public; Owner: solea_user
--

ALTER TABLE ONLY public.recipes_recipeingredient
    ADD CONSTRAINT recipes_ingredient_pkey PRIMARY KEY (id);


--
-- Name: recipes_ingredient recipes_ingredient_pkey1; Type: CONSTRAINT; Schema: public; Owner: solea_user
--

ALTER TABLE ONLY public.recipes_ingredient
    ADD CONSTRAINT recipes_ingredient_pkey1 PRIMARY KEY (id);


--
-- Name: recipes_recipe recipes_recipe_pkey; Type: CONSTRAINT; Schema: public; Owner: solea_user
--

ALTER TABLE ONLY public.recipes_recipe
    ADD CONSTRAINT recipes_recipe_pkey PRIMARY KEY (id);


--
-- Name: recipes_recipe recipes_recipe_slug_key; Type: CONSTRAINT; Schema: public; Owner: solea_user
--

ALTER TABLE ONLY public.recipes_recipe
    ADD CONSTRAINT recipes_recipe_slug_key UNIQUE (slug);


--
-- Name: users_customuser_groups users_customuser_groups_customuser_id_group_id_76b619e3_uniq; Type: CONSTRAINT; Schema: public; Owner: solea_user
--

ALTER TABLE ONLY public.users_customuser_groups
    ADD CONSTRAINT users_customuser_groups_customuser_id_group_id_76b619e3_uniq UNIQUE (customuser_id, group_id);


--
-- Name: users_customuser_groups users_customuser_groups_pkey; Type: CONSTRAINT; Schema: public; Owner: solea_user
--

ALTER TABLE ONLY public.users_customuser_groups
    ADD CONSTRAINT users_customuser_groups_pkey PRIMARY KEY (id);


--
-- Name: users_customuser users_customuser_pkey; Type: CONSTRAINT; Schema: public; Owner: solea_user
--

ALTER TABLE ONLY public.users_customuser
    ADD CONSTRAINT users_customuser_pkey PRIMARY KEY (id);


--
-- Name: users_customuser_user_permissions users_customuser_user_pe_customuser_id_permission_7a7debf6_uniq; Type: CONSTRAINT; Schema: public; Owner: solea_user
--

ALTER TABLE ONLY public.users_customuser_user_permissions
    ADD CONSTRAINT users_customuser_user_pe_customuser_id_permission_7a7debf6_uniq UNIQUE (customuser_id, permission_id);


--
-- Name: users_customuser_user_permissions users_customuser_user_permissions_pkey; Type: CONSTRAINT; Schema: public; Owner: solea_user
--

ALTER TABLE ONLY public.users_customuser_user_permissions
    ADD CONSTRAINT users_customuser_user_permissions_pkey PRIMARY KEY (id);


--
-- Name: users_customuser users_customuser_username_key; Type: CONSTRAINT; Schema: public; Owner: solea_user
--

ALTER TABLE ONLY public.users_customuser
    ADD CONSTRAINT users_customuser_username_key UNIQUE (username);


--
-- Name: auth_group_name_a6ea08ec_like; Type: INDEX; Schema: public; Owner: solea_user
--

CREATE INDEX auth_group_name_a6ea08ec_like ON public.auth_group USING btree (name varchar_pattern_ops);


--
-- Name: auth_group_permissions_group_id_b120cbf9; Type: INDEX; Schema: public; Owner: solea_user
--

CREATE INDEX auth_group_permissions_group_id_b120cbf9 ON public.auth_group_permissions USING btree (group_id);


--
-- Name: auth_group_permissions_permission_id_84c5c92e; Type: INDEX; Schema: public; Owner: solea_user
--

CREATE INDEX auth_group_permissions_permission_id_84c5c92e ON public.auth_group_permissions USING btree (permission_id);


--
-- Name: auth_permission_content_type_id_2f476e4b; Type: INDEX; Schema: public; Owner: solea_user
--

CREATE INDEX auth_permission_content_type_id_2f476e4b ON public.auth_permission USING btree (content_type_id);


--
-- Name: django_admin_log_content_type_id_c4bce8eb; Type: INDEX; Schema: public; Owner: solea_user
--

CREATE INDEX django_admin_log_content_type_id_c4bce8eb ON public.django_admin_log USING btree (content_type_id);


--
-- Name: django_admin_log_user_id_c564eba6; Type: INDEX; Schema: public; Owner: solea_user
--

CREATE INDEX django_admin_log_user_id_c564eba6 ON public.django_admin_log USING btree (user_id);


--
-- Name: django_session_expire_date_a5c62663; Type: INDEX; Schema: public; Owner: solea_user
--

CREATE INDEX django_session_expire_date_a5c62663 ON public.django_session USING btree (expire_date);


--
-- Name: django_session_session_key_c0390e0f_like; Type: INDEX; Schema: public; Owner: solea_user
--

CREATE INDEX django_session_session_key_c0390e0f_like ON public.django_session USING btree (session_key varchar_pattern_ops);


--
-- Name: orders_order_user_id_e9b59eb1; Type: INDEX; Schema: public; Owner: solea_user
--

CREATE INDEX orders_order_user_id_e9b59eb1 ON public.orders_order USING btree (user_id);


--
-- Name: orders_orderitem_order_id_fe61a34d; Type: INDEX; Schema: public; Owner: solea_user
--

CREATE INDEX orders_orderitem_order_id_fe61a34d ON public.orders_orderitem USING btree (order_id);


--
-- Name: orders_orderitem_recipe_id_7e721225; Type: INDEX; Schema: public; Owner: solea_user
--

CREATE INDEX orders_orderitem_recipe_id_7e721225 ON public.orders_orderitem USING btree (recipe_id);


--
-- Name: recipes_category_slug_2f938663_like; Type: INDEX; Schema: public; Owner: solea_user
--

CREATE INDEX recipes_category_slug_2f938663_like ON public.recipes_category USING btree (slug varchar_pattern_ops);


--
-- Name: recipes_ingredient_name_32dfe6dd_like; Type: INDEX; Schema: public; Owner: solea_user
--

CREATE INDEX recipes_ingredient_name_32dfe6dd_like ON public.recipes_ingredient USING btree (name varchar_pattern_ops);


--
-- Name: recipes_ingredient_recipe_id_1877a0b2; Type: INDEX; Schema: public; Owner: solea_user
--

CREATE INDEX recipes_ingredient_recipe_id_1877a0b2 ON public.recipes_recipeingredient USING btree (recipe_id);


--
-- Name: recipes_recipe_category_id_6d665355; Type: INDEX; Schema: public; Owner: solea_user
--

CREATE INDEX recipes_recipe_category_id_6d665355 ON public.recipes_recipe USING btree (category_id);


--
-- Name: recipes_recipe_slug_b40bdd3d_like; Type: INDEX; Schema: public; Owner: solea_user
--

CREATE INDEX recipes_recipe_slug_b40bdd3d_like ON public.recipes_recipe USING btree (slug varchar_pattern_ops);


--
-- Name: recipes_recipeingredient_ingredient_id_0efc0df1; Type: INDEX; Schema: public; Owner: solea_user
--

CREATE INDEX recipes_recipeingredient_ingredient_id_0efc0df1 ON public.recipes_recipeingredient USING btree (ingredient_id);


--
-- Name: users_customuser_groups_customuser_id_958147bf; Type: INDEX; Schema: public; Owner: solea_user
--

CREATE INDEX users_customuser_groups_customuser_id_958147bf ON public.users_customuser_groups USING btree (customuser_id);


--
-- Name: users_customuser_groups_group_id_01390b14; Type: INDEX; Schema: public; Owner: solea_user
--

CREATE INDEX users_customuser_groups_group_id_01390b14 ON public.users_customuser_groups USING btree (group_id);


--
-- Name: users_customuser_user_permissions_customuser_id_5771478b; Type: INDEX; Schema: public; Owner: solea_user
--

CREATE INDEX users_customuser_user_permissions_customuser_id_5771478b ON public.users_customuser_user_permissions USING btree (customuser_id);


--
-- Name: users_customuser_user_permissions_permission_id_baaa2f74; Type: INDEX; Schema: public; Owner: solea_user
--

CREATE INDEX users_customuser_user_permissions_permission_id_baaa2f74 ON public.users_customuser_user_permissions USING btree (permission_id);


--
-- Name: users_customuser_username_80452fdf_like; Type: INDEX; Schema: public; Owner: solea_user
--

CREATE INDEX users_customuser_username_80452fdf_like ON public.users_customuser USING btree (username varchar_pattern_ops);


--
-- Name: auth_group_permissions auth_group_permissio_permission_id_84c5c92e_fk_auth_perm; Type: FK CONSTRAINT; Schema: public; Owner: solea_user
--

ALTER TABLE ONLY public.auth_group_permissions
    ADD CONSTRAINT auth_group_permissio_permission_id_84c5c92e_fk_auth_perm FOREIGN KEY (permission_id) REFERENCES public.auth_permission(id) DEFERRABLE INITIALLY DEFERRED;


--
-- Name: auth_group_permissions auth_group_permissions_group_id_b120cbf9_fk_auth_group_id; Type: FK CONSTRAINT; Schema: public; Owner: solea_user
--

ALTER TABLE ONLY public.auth_group_permissions
    ADD CONSTRAINT auth_group_permissions_group_id_b120cbf9_fk_auth_group_id FOREIGN KEY (group_id) REFERENCES public.auth_group(id) DEFERRABLE INITIALLY DEFERRED;


--
-- Name: auth_permission auth_permission_content_type_id_2f476e4b_fk_django_co; Type: FK CONSTRAINT; Schema: public; Owner: solea_user
--

ALTER TABLE ONLY public.auth_permission
    ADD CONSTRAINT auth_permission_content_type_id_2f476e4b_fk_django_co FOREIGN KEY (content_type_id) REFERENCES public.django_content_type(id) DEFERRABLE INITIALLY DEFERRED;


--
-- Name: django_admin_log django_admin_log_content_type_id_c4bce8eb_fk_django_co; Type: FK CONSTRAINT; Schema: public; Owner: solea_user
--

ALTER TABLE ONLY public.django_admin_log
    ADD CONSTRAINT django_admin_log_content_type_id_c4bce8eb_fk_django_co FOREIGN KEY (content_type_id) REFERENCES public.django_content_type(id) DEFERRABLE INITIALLY DEFERRED;


--
-- Name: django_admin_log django_admin_log_user_id_c564eba6_fk_users_customuser_id; Type: FK CONSTRAINT; Schema: public; Owner: solea_user
--

ALTER TABLE ONLY public.django_admin_log
    ADD CONSTRAINT django_admin_log_user_id_c564eba6_fk_users_customuser_id FOREIGN KEY (user_id) REFERENCES public.users_customuser(id) DEFERRABLE INITIALLY DEFERRED;


--
-- Name: orders_order orders_order_user_id_e9b59eb1_fk_users_customuser_id; Type: FK CONSTRAINT; Schema: public; Owner: solea_user
--

ALTER TABLE ONLY public.orders_order
    ADD CONSTRAINT orders_order_user_id_e9b59eb1_fk_users_customuser_id FOREIGN KEY (user_id) REFERENCES public.users_customuser(id) DEFERRABLE INITIALLY DEFERRED;


--
-- Name: orders_orderitem orders_orderitem_order_id_fe61a34d_fk_orders_order_id; Type: FK CONSTRAINT; Schema: public; Owner: solea_user
--

ALTER TABLE ONLY public.orders_orderitem
    ADD CONSTRAINT orders_orderitem_order_id_fe61a34d_fk_orders_order_id FOREIGN KEY (order_id) REFERENCES public.orders_order(id) DEFERRABLE INITIALLY DEFERRED;


--
-- Name: orders_orderitem orders_orderitem_recipe_id_7e721225_fk_recipes_recipe_id; Type: FK CONSTRAINT; Schema: public; Owner: solea_user
--

ALTER TABLE ONLY public.orders_orderitem
    ADD CONSTRAINT orders_orderitem_recipe_id_7e721225_fk_recipes_recipe_id FOREIGN KEY (recipe_id) REFERENCES public.recipes_recipe(id) DEFERRABLE INITIALLY DEFERRED;


--
-- Name: recipes_recipeingredient recipes_ingredient_recipe_id_1877a0b2_fk_recipes_recipe_id; Type: FK CONSTRAINT; Schema: public; Owner: solea_user
--

ALTER TABLE ONLY public.recipes_recipeingredient
    ADD CONSTRAINT recipes_ingredient_recipe_id_1877a0b2_fk_recipes_recipe_id FOREIGN KEY (recipe_id) REFERENCES public.recipes_recipe(id) DEFERRABLE INITIALLY DEFERRED;


--
-- Name: recipes_recipe recipes_recipe_category_id_6d665355_fk_recipes_category_id; Type: FK CONSTRAINT; Schema: public; Owner: solea_user
--

ALTER TABLE ONLY public.recipes_recipe
    ADD CONSTRAINT recipes_recipe_category_id_6d665355_fk_recipes_category_id FOREIGN KEY (category_id) REFERENCES public.recipes_category(id) DEFERRABLE INITIALLY DEFERRED;


--
-- Name: recipes_recipeingredient recipes_recipeingred_ingredient_id_0efc0df1_fk_recipes_i; Type: FK CONSTRAINT; Schema: public; Owner: solea_user
--

ALTER TABLE ONLY public.recipes_recipeingredient
    ADD CONSTRAINT recipes_recipeingred_ingredient_id_0efc0df1_fk_recipes_i FOREIGN KEY (ingredient_id) REFERENCES public.recipes_ingredient(id) DEFERRABLE INITIALLY DEFERRED;


--
-- Name: users_customuser_groups users_customuser_gro_customuser_id_958147bf_fk_users_cus; Type: FK CONSTRAINT; Schema: public; Owner: solea_user
--

ALTER TABLE ONLY public.users_customuser_groups
    ADD CONSTRAINT users_customuser_gro_customuser_id_958147bf_fk_users_cus FOREIGN KEY (customuser_id) REFERENCES public.users_customuser(id) DEFERRABLE INITIALLY DEFERRED;


--
-- Name: users_customuser_groups users_customuser_groups_group_id_01390b14_fk_auth_group_id; Type: FK CONSTRAINT; Schema: public; Owner: solea_user
--

ALTER TABLE ONLY public.users_customuser_groups
    ADD CONSTRAINT users_customuser_groups_group_id_01390b14_fk_auth_group_id FOREIGN KEY (group_id) REFERENCES public.auth_group(id) DEFERRABLE INITIALLY DEFERRED;


--
-- Name: users_customuser_user_permissions users_customuser_use_customuser_id_5771478b_fk_users_cus; Type: FK CONSTRAINT; Schema: public; Owner: solea_user
--

ALTER TABLE ONLY public.users_customuser_user_permissions
    ADD CONSTRAINT users_customuser_use_customuser_id_5771478b_fk_users_cus FOREIGN KEY (customuser_id) REFERENCES public.users_customuser(id) DEFERRABLE INITIALLY DEFERRED;


--
-- Name: users_customuser_user_permissions users_customuser_use_permission_id_baaa2f74_fk_auth_perm; Type: FK CONSTRAINT; Schema: public; Owner: solea_user
--

ALTER TABLE ONLY public.users_customuser_user_permissions
    ADD CONSTRAINT users_customuser_use_permission_id_baaa2f74_fk_auth_perm FOREIGN KEY (permission_id) REFERENCES public.auth_permission(id) DEFERRABLE INITIALLY DEFERRED;


--
-- PostgreSQL database dump complete
--

\unrestrict LIvDumBKRHcNJmd2I2LWnAgjY251a9hmWCAQaYKuUcazqeLU20gsqNFKx9pfAaQ

